{"stats":{"minecraft:dropped":{"vampirism:item_garlic":3,"minecraft:golden_boots":1,"minecraft:iron_ingot":27,"born_in_chaos_v1:intoxicating_decoction":1,"minecraft:wheat_seeds":1,"minecraft:golden_helmet":1,"minecraft:glass_bottle":1,"vampirism:vampire_book":2,"minecraft:cobblestone":1,"vampirism:hunter_coat_chest_ultimate":1,"minecraft:flint":1,"born_in_chaos_v1:monster_flesh":2,"minecraft:paper":2,"vampirism:garlic_bread":4,"vampirism:armor_of_swiftness_head_ultimate":1,"born_in_chaos_v1:rotten_fish":1,"minecraft:rotten_flesh":6,"minecraft:oak_planks":2,"minecraft:golden_shovel":1,"minecraft:white_bed":1,"vampirism:hunter_axe_normal":1,"born_in_chaos_v1:chipped_black_argillite_brick":2,"minecraft:andesite":17,"minecraft:chainmail_boots":7,"minecraft:wooden_shovel":1,"minecraft:golden_sword":1,"minecraft:stone_bricks":1},"minecraft:killed_by":{"vampirism:advanced_vampire":1,"born_in_chaos_v1:nightmare_stalker":1,"minecraft:iron_golem":1,"vampirism:villager_angry":1,"born_in_chaos_v1:corpse_fish":1,"born_in_chaos_v1:dread_hound":1},"minecraft:custom":{"minecraft:mob_kills":43,"minecraft:interact_with_crafting_table":34,"minecraft:open_barrel":13,"minecraft:bell_ring":50,"minecraft:damage_dealt_resisted":3862,"minecraft:leave_game":2,"minecraft:time_since_death":72633,"minecraft:climb_one_cm":11476,"vampirism:interact_alchemical_cauldron":1,"minecraft:sprint_one_cm":937309,"minecraft:walk_one_cm":619285,"minecraft:drop":46,"vampirism:interact_with_totem":2,"vampirism:skills_unlocked":4,"minecraft:talked_to_villager":172,"minecraft:play_time":377817,"minecraft:sneak_time":12522,"minecraft:deaths":8,"minecraft:walk_under_water_one_cm":61897,"minecraft:boat_one_cm":190235,"minecraft:interact_with_lectern":1,"minecraft:jump":6428,"minecraft:walk_on_water_one_cm":129406,"minecraft:total_world_time":377817,"vampirism:win_village_capture":2,"vampirism:interact_with_injection_chair":4,"minecraft:interact_with_furnace":37,"minecraft:traded_with_villager":132,"vampirism:interact_with_research_table":3,"minecraft:sleep_in_bed":32,"minecraft:time_since_rest":12383,"minecraft:damage_taken":6053,"minecraft:damage_dealt":7831,"minecraft:swim_one_cm":253844,"minecraft:fly_one_cm":1420289,"minecraft:open_chest":122,"minecraft:crouch_one_cm":24378,"tombstone:undead_killed":16,"vampirism:defend_village":2,"minecraft:fall_one_cm":146029},"minecraft:killed":{"vampirism:vampire":4,"born_in_chaos_v1:zombie_lumberjack":1,"born_in_chaos_v1:door_knight_not_despawn":1,"minecraft:spider":5,"born_in_chaos_v1:skeleton_thrasher_not_despawn":1,"born_in_chaos_v1:maggot":4,"minecraft:skeleton":2,"born_in_chaos_v1:corpse_fish":2,"born_in_chaos_v1:decrepit_skeleton":2,"vampirism:hunter":4,"minecraft:sheep":1,"born_in_chaos_v1:zombie_fisherman":1,"minecraft:zombie":7,"born_in_chaos_v1:corpse_fly":1,"born_in_chaos_v1:door_knight":1,"minecraft:cow":2},"minecraft:mined":{"minecraft:white_bed":10,"minecraft:stone_pressure_plate":1,"minecraft:cobblestone_stairs":8,"minecraft:brewing_stand":1,"minecraft:chiseled_bookshelf":1,"minecraft:red_sand":1,"minecraft:grass_block":9,"minecraft:crimson_roots":2,"minecraft:redstone_wire":1,"minecraft:sandstone":51,"minecraft:hay_block":49,"minecraft:smooth_stone":1,"minecraft:magma_block":2,"minecraft:furnace":3,"minecraft:iron_ore":33,"minecraft:fire":5,"minecraft:chiseled_sandstone":1,"born_in_chaos_v1:black_argillite_brick_stairs":3,"minecraft:andesite":17,"evilcraft:dark_ore":3,"minecraft:fletching_table":1,"minecraft:gold_block":1,"minecraft:bell":4,"minecraft:flowering_azalea_leaves":6,"minecraft:water_cauldron":4,"minecraft:cobblestone_slab":1,"minecraft:stripped_oak_log":16,"minecraft:azalea_leaves":8,"minecraft:stone":41,"minecraft:tripwire":3,"minecraft:smithing_table":1,"minecraft:cut_sandstone":2,"born_in_chaos_v1:marigolds":1,"minecraft:dandelion":3,"minecraft:clay":164,"minecraft:oak_fence":5,"minecraft:crafting_table":6,"minecraft:torch":2,"minecraft:blast_furnace":2,"minecraft:dead_bush":5,"minecraft:lectern":111,"minecraft:stone_slab":3,"minecraft:tall_grass":8,"minecraft:cobblestone":18,"born_in_chaos_v1:chipped_black_argillite_brick":1,"minecraft:oak_planks":7,"minecraft:sugar_cane":25,"minecraft:grindstone":1,"minecraft:blue_bed":2,"minecraft:wall_torch":1,"minecraft:seagrass":2,"minecraft:wheat":3,"born_in_chaos_v1:river_mint":1,"minecraft:yellow_bed":7,"minecraft:grass":36,"minecraft:coal_ore":88,"minecraft:oak_log":75,"minecraft:beetroots":2,"evilcraft:blood_stain":1,"minecraft:gravel":1,"minecraft:sand":37,"minecraft:dirt":5,"minecraft:stone_bricks":1,"minecraft:stonecutter":1,"minecraft:oak_leaves":17},"minecraft:picked_up":{"minecraft:crafting_table":6,"minecraft:wheat":17,"born_in_chaos_v1:river_mint":1,"minecraft:clay_ball":632,"born_in_chaos_v1:seedof_chaos":1,"minecraft:smithing_table":1,"minecraft:stone_slab":1,"minecraft:gold_block":1,"minecraft:brewing_stand":1,"minecraft:string":8,"born_in_chaos_v1:intoxicating_decoction":1,"minecraft:beetroot":1,"minecraft:red_sand":1,"minecraft:smooth_stone":1,"minecraft:bucket":2,"minecraft:beef":5,"minecraft:cobblestone_slab":1,"minecraft:wooden_shovel":2,"minecraft:poppy":8,"minecraft:lectern":111,"born_in_chaos_v1:stimulating_decoction":1,"minecraft:sugar_cane":33,"minecraft:birch_sapling":1,"minecraft:furnace":3,"minecraft:tipped_arrow":3,"minecraft:stick":14,"minecraft:raw_iron":33,"minecraft:sandstone":51,"born_in_chaos_v1:shattered_skull":1,"minecraft:oak_fence":5,"minecraft:torch":9,"minecraft:acacia_log":1,"minecraft:cherry_log":2,"minecraft:cookie":3,"vampirism:vampire_fang":1,"minecraft:carrot":1,"born_in_chaos_v1:pieceofdarkmetal":5,"born_in_chaos_v1:black_argillite_brick_stairs":1,"minecraft:cauldron":4,"minecraft:stone_pressure_plate":1,"minecraft:arrow":7,"minecraft:rotten_flesh":49,"minecraft:beetroot_seeds":3,"minecraft:pumpkin_pie":10,"minecraft:hay_block":47,"minecraft:white_wool":1,"minecraft:cobblestone":57,"minecraft:stripped_oak_log":16,"born_in_chaos_v1:corpse_maggot":11,"minecraft:magma_block":1,"vampirism:vampire_book":2,"born_in_chaos_v1:monster_flesh":2,"minecraft:andesite":17,"minecraft:cut_sandstone":2,"minecraft:leather":4,"minecraft:flint":1,"minecraft:oak_log":76,"minecraft:yellow_bed":7,"minecraft:cobblestone_stairs":8,"minecraft:dirt":12,"minecraft:blue_bed":1,"born_in_chaos_v1:monster_skin":1,"minecraft:bone":10,"minecraft:stone_bricks":1,"minecraft:bow":1,"minecraft:stonecutter":1,"minecraft:wheat_seeds":33,"minecraft:bell":4,"minecraft:rabbit_hide":2,"minecraft:iron_ingot":2,"minecraft:grindstone":1,"born_in_chaos_v1:chipped_black_argillite_brick":2,"minecraft:fletching_table":1,"minecraft:rabbit":1,"minecraft:oak_planks":15,"minecraft:flowering_azalea":1,"minecraft:book":10,"minecraft:dandelion":1,"minecraft:poisonous_potato":1,"minecraft:gravel":1,"minecraft:sand":37,"minecraft:blast_furnace":2,"minecraft:white_bed":10,"minecraft:chiseled_sandstone":1,"minecraft:spider_eye":2,"minecraft:clay":12,"minecraft:diamond":1,"minecraft:writable_book":1,"evilcraft:dark_gem":13,"minecraft:emerald":7,"minecraft:bread":5,"minecraft:oak_sapling":5,"born_in_chaos_v1:rotten_fish":5,"minecraft:coal":166,"minecraft:crimson_roots":1},"minecraft:crafted":{"minecraft:cherry_planks":8,"minecraft:oak_door":3,"minecraft:smooth_stone":3,"minecraft:oak_planks":360,"vampirism:injection_garlic":1,"minecraft:cooked_chicken":2,"vampirism:med_chair":1,"minecraft:furnace":2,"minecraft:blast_furnace":1,"minecraft:stone":3,"minecraft:bookshelf":2,"minecraft:glass_pane":16,"vampirism:injection_empty":1,"minecraft:glass":12,"minecraft:iron_boots":1,"minecraft:iron_axe":1,"born_in_chaos_v1:fried_maggot":7,"minecraft:ladder":3,"minecraft:chest":2,"minecraft:cooked_rabbit":1,"sophisticatedbackpacks:iron_backpack":1,"minecraft:wheat":409,"minecraft:red_dye":1,"minecraft:glass_bottle":3,"minecraft:oak_slab":12,"minecraft:emerald":107,"sophisticatedbackpacks:backpack":2,"minecraft:crafting_table":3,"minecraft:iron_helmet":1,"minecraft:iron_sword":1,"sophisticatedbackpacks:gold_backpack":1,"minecraft:fletching_table":1,"minecraft:enchanted_book":1,"minecraft:bread":83,"minecraft:air":0,"minecraft:apple":44,"minecraft:oak_boat":1,"minecraft:lectern":2,"minecraft:iron_chestplate":1,"minecraft:paper":15,"minecraft:stick":444,"minecraft:chainmail_boots":13,"minecraft:iron_ingot":49,"minecraft:iron_pickaxe":2,"minecraft:iron_shovel":1,"minecraft:iron_leggings":1,"minecraft:gold_ingot":36,"minecraft:white_bed":3,"minecraft:acacia_planks":4,"minecraft:torch":20},"minecraft:used":{"minecraft:oak_fence":5,"minecraft:iron_shovel":163,"minecraft:red_sand":1,"minecraft:flint_and_steel":5,"minecraft:ladder":2,"minecraft:chest":1,"minecraft:iron_sword":237,"vampirism:item_alchemical_fire":4,"minecraft:bell":2,"tombstone:scroll_of_purification":1,"minecraft:cooked_chicken":3,"minecraft:rotten_flesh":1,"minecraft:iron_chestplate":1,"minecraft:oak_door":3,"minecraft:torch":52,"minecraft:dirt":5,"minecraft:carrot":2,"minecraft:golden_shovel":1,"minecraft:obsidian":1,"tombstone:tablet_of_cupidity":2,"minecraft:iron_axe":211,"minecraft:iron_helmet":1,"minecraft:golden_sword":22,"minecraft:golden_carrot":2,"minecraft:magma_block":1,"minecraft:oak_sapling":1,"minecraft:furnace":4,"tombstone:gift":2,"minecraft:rabbit":1,"minecraft:oak_planks":81,"born_in_chaos_v1:stimulating_decoction":1,"minecraft:clay":11,"minecraft:cut_sandstone":2,"minecraft:sugar_cane":18,"minecraft:blue_bed":1,"minecraft:fletching_table":2,"minecraft:sandstone":51,"minecraft:cobblestone_slab":1,"minecraft:stonecutter":1,"minecraft:cookie":1,"born_in_chaos_v1:black_argillite_brick_stairs":1,"minecraft:glow_berries":6,"minecraft:sand":17,"minecraft:crafting_table":9,"minecraft:blast_furnace":3,"minecraft:white_bed":12,"minecraft:oak_log":2,"minecraft:apple":5,"minecraft:bread":83,"minecraft:iron_pickaxe":298,"minecraft:lectern":111,"vampirism:garlic_bread":1,"minecraft:cobblestone":19,"born_in_chaos_v1:river_mint":1,"minecraft:cooked_porkchop":1,"minecraft:cooked_rabbit":1,"minecraft:bucket":5,"vampirism:med_chair":1,"minecraft:pumpkin_pie":4,"minecraft:yellow_bed":7,"minecraft:oak_boat":1,"minecraft:experience_bottle":1}},"DataVersion":3465}