{"stats":{"minecraft:dropped":{"minecraft:wheat_seeds":4,"minecraft:stone_sword":2,"minecraft:raw_copper":2,"born_in_chaos_v1:corpse_maggot":2,"minecraft:acacia_sapling":2,"minecraft:wooden_sword":2,"minecraft:stone_pickaxe":3},"minecraft:killed":{"born_in_chaos_v1:spiritof_chaos":1,"vampirism:vampire":1,"born_in_chaos_v1:decrepit_skeleton":1,"born_in_chaos_v1:scarlet_persecutor":1,"minecraft:skeleton":2,"minecraft:sheep":2,"minecraft:chicken":2,"minecraft:cow":7},"minecraft:used":{"minecraft:cooked_mutton":6,"minecraft:stone_sword":57,"minecraft:stone_pickaxe":105,"minecraft:wooden_pickaxe":20,"minecraft:iron_sword":10,"minecraft:cooked_chicken":1,"minecraft:torch":60,"minecraft:dirt":12,"minecraft:crafting_table":2,"minecraft:white_bed":4,"minecraft:iron_pickaxe":191,"tombstone:grave_key":4,"minecraft:wooden_sword":4,"minecraft:cobblestone":12,"minecraft:furnace":3,"tombstone:gift":2,"minecraft:cooked_beef":10},"minecraft:mined":{"minecraft:acacia_leaves":7,"minecraft:white_bed":4,"minecraft:crafting_table":2,"minecraft:acacia_log":5,"minecraft:grass_block":4,"minecraft:cobblestone":10,"minecraft:tall_grass":7,"minecraft:lapis_ore":3,"minecraft:sugar_cane":4,"minecraft:furnace":3,"minecraft:iron_ore":45,"evilcraft:dark_ore":1,"minecraft:grass":18,"minecraft:oak_log":9,"minecraft:coal_ore":166,"minecraft:dirt":8,"minecraft:stone":81,"minecraft:oak_leaves":16},"minecraft:custom":{"minecraft:interact_with_furnace":61,"minecraft:mob_kills":19,"minecraft:interact_with_crafting_table":15,"minecraft:damage_dealt_resisted":195,"minecraft:leave_game":2,"minecraft:time_since_death":1856,"minecraft:sleep_in_bed":5,"minecraft:climb_one_cm":196,"minecraft:time_since_rest":1,"minecraft:sprint_one_cm":246266,"minecraft:damage_taken":2672,"minecraft:walk_one_cm":97115,"minecraft:drop":14,"minecraft:damage_dealt":2650,"minecraft:swim_one_cm":3059,"minecraft:fly_one_cm":314071,"minecraft:open_chest":1,"minecraft:crouch_one_cm":3928,"minecraft:play_time":69006,"tombstone:undead_killed":3,"minecraft:deaths":6,"minecraft:sneak_time":3246,"minecraft:walk_under_water_one_cm":1729,"minecraft:jump":1828,"minecraft:walk_on_water_one_cm":1540,"minecraft:total_world_time":69006,"minecraft:fall_one_cm":57886},"minecraft:crafted":{"minecraft:cooked_beef":14,"minecraft:oak_planks":24,"minecraft:crafting_table":1,"minecraft:wooden_pickaxe":1,"minecraft:cooked_chicken":1,"minecraft:iron_helmet":1,"minecraft:iron_sword":1,"minecraft:furnace":2,"minecraft:cooked_mutton":6,"minecraft:air":0,"minecraft:iron_boots":1,"minecraft:iron_chestplate":1,"minecraft:shield":1,"minecraft:stick":36,"minecraft:iron_ingot":37,"minecraft:iron_pickaxe":1,"minecraft:stone_pickaxe":1,"minecraft:stone_sword":1,"minecraft:white_bed":1,"minecraft:acacia_planks":20,"minecraft:torch":112},"minecraft:killed_by":{"minecraft:creeper":1,"minecraft:zombie":1,"born_in_chaos_v1:scarlet_persecutor":3},"minecraft:picked_up":{"born_in_chaos_v1:fused_bone":1,"born_in_chaos_v1:corpse_maggot":2,"minecraft:crafting_table":2,"minecraft:feather":1,"minecraft:chicken":2,"born_in_chaos_v1:seedof_chaos":1,"minecraft:leather":6,"minecraft:oak_log":9,"evilcraft:flesh_humanoid":1,"minecraft:lapis_lazuli":21,"minecraft:dirt":12,"minecraft:raw_copper":2,"minecraft:wooden_sword":2,"minecraft:bone":4,"minecraft:wheat_seeds":4,"minecraft:beef":14,"minecraft:stone_pickaxe":2,"minecraft:sugar_cane":5,"minecraft:acacia_sapling":2,"minecraft:furnace":3,"minecraft:egg":1,"minecraft:stick":3,"minecraft:raw_iron":45,"minecraft:torch":1,"minecraft:acacia_log":5,"born_in_chaos_v1:ethereal_spirit":2,"minecraft:white_bed":4,"minecraft:spider_eye":1,"minecraft:stone_sword":1,"minecraft:rotten_flesh":3,"minecraft:arrow":4,"evilcraft:dark_gem":5,"minecraft:oak_sapling":4,"minecraft:mutton":6,"minecraft:coal":166,"minecraft:white_wool":3,"minecraft:cobblestone":90}},"DataVersion":3465}