{"stats":{"minecraft:dropped":{"minecraft:glass_bottle":1,"vampirism:hunter_coat_chest_ultimate":1,"minecraft:flint":1,"born_in_chaos_v1:monster_flesh":2,"born_in_chaos_v1:trident_hayfork":1,"minecraft:birch_sapling":4,"minecraft:rotten_flesh":6,"minecraft:oak_planks":2,"minecraft:golden_shovel":1,"minecraft:white_bed":1,"minecraft:carrot":1,"vampirism:hunter_axe_normal":1,"minecraft:poppy":10,"born_in_chaos_v1:chipped_black_argillite_brick":2,"minecraft:chainmail_boots":19,"vampirism:item_garlic":3,"minecraft:golden_boots":1,"minecraft:iron_ingot":27,"born_in_chaos_v1:intoxicating_decoction":1,"minecraft:wheat_seeds":1,"minecraft:golden_helmet":1,"vampirism:vampire_book":2,"minecraft:cobblestone":1,"minecraft:chainmail_helmet":3,"minecraft:iron_axe":2,"minecraft:paper":2,"vampirism:garlic_bread":4,"minecraft:dandelion":4,"vampirism:armor_of_swiftness_head_ultimate":1,"born_in_chaos_v1:rotten_fish":1,"minecraft:iron_boots":2,"minecraft:andesite":17,"minecraft:oak_sapling":2,"minecraft:wooden_shovel":1,"minecraft:golden_sword":1,"minecraft:stone_bricks":1},"minecraft:broken":{"minecraft:iron_shovel":1,"minecraft:iron_sword":1,"minecraft:iron_pickaxe":2},"minecraft:mined":{"minecraft:stone_pressure_plate":1,"minecraft:white_bed":10,"minecraft:cobblestone_stairs":8,"minecraft:brewing_stand":1,"minecraft:granite":11,"minecraft:red_sand":1,"minecraft:grass_block":22,"minecraft:oxeye_daisy":1,"minecraft:smooth_stone":1,"minecraft:magma_block":2,"minecraft:iron_ore":38,"minecraft:fire":5,"born_in_chaos_v1:black_argillite_brick_stairs":3,"minecraft:fletching_table":3,"minecraft:water_cauldron":4,"minecraft:flowering_azalea_leaves":6,"minecraft:azalea_leaves":8,"minecraft:tripwire":3,"minecraft:cut_sandstone":2,"minecraft:clay":399,"minecraft:torch":5,"minecraft:blast_furnace":2,"minecraft:poppy":1,"minecraft:dead_bush":5,"minecraft:cobblestone":27,"minecraft:grindstone":2,"minecraft:sugar_cane":102,"minecraft:oak_planks":8,"minecraft:wall_torch":2,"minecraft:seagrass":2,"minecraft:birch_log":5,"minecraft:wheat":3,"born_in_chaos_v1:river_mint":1,"minecraft:grass":51,"minecraft:oak_log":159,"minecraft:beetroots":2,"minecraft:sand":40,"minecraft:dirt":44,"minecraft:stonecutter":1,"minecraft:oak_leaves":37,"minecraft:deepslate":15,"minecraft:suspicious_gravel":1,"minecraft:dark_oak_leaves":43,"minecraft:oak_door":1,"minecraft:dark_oak_log":129,"minecraft:chiseled_bookshelf":1,"minecraft:crimson_roots":2,"minecraft:redstone_wire":1,"minecraft:sandstone":51,"minecraft:hay_block":49,"minecraft:furnace":3,"minecraft:chiseled_sandstone":1,"minecraft:andesite":28,"evilcraft:dark_ore":3,"minecraft:gold_block":1,"minecraft:bell":4,"minecraft:potatoes":1,"minecraft:cobblestone_slab":1,"minecraft:stripped_oak_log":28,"minecraft:stone":186,"minecraft:smithing_table":1,"born_in_chaos_v1:marigolds":1,"minecraft:dandelion":5,"minecraft:cornflower":1,"minecraft:oak_fence":5,"minecraft:crafting_table":6,"minecraft:lectern":202,"minecraft:stone_slab":3,"minecraft:tall_grass":8,"minecraft:copper_ore":4,"born_in_chaos_v1:chipped_black_argillite_brick":1,"minecraft:diorite":17,"minecraft:blue_bed":2,"minecraft:torchflower":1,"minecraft:birch_leaves":3,"minecraft:yellow_bed":7,"minecraft:coal_ore":165,"evilcraft:blood_stain":1,"minecraft:gravel":19,"minecraft:stone_bricks":1,"minecraft:gold_ore":2},"minecraft:picked_up":{"minecraft:wheat":22,"minecraft:chainmail_boots":6,"minecraft:smithing_table":1,"minecraft:stone_slab":1,"minecraft:brewing_stand":1,"minecraft:string":9,"minecraft:raw_copper":14,"minecraft:pufferfish":1,"minecraft:beetroot":2,"minecraft:red_sand":1,"minecraft:cobbled_deepslate":15,"minecraft:smooth_stone":2,"minecraft:bucket":3,"minecraft:cobblestone_slab":1,"minecraft:wooden_shovel":2,"minecraft:iron_pickaxe":1,"born_in_chaos_v1:stimulating_decoction":1,"minecraft:furnace":4,"minecraft:iron_boots":1,"minecraft:tipped_arrow":3,"minecraft:stick":23,"born_in_chaos_v1:shattered_skull":2,"minecraft:acacia_log":1,"minecraft:oak_fence":5,"born_in_chaos_v1:phantom_powder":1,"minecraft:torch":17,"minecraft:cherry_log":2,"minecraft:diorite":17,"vampirism:vampire_fang":3,"born_in_chaos_v1:nightmare_claw":1,"born_in_chaos_v1:black_argillite_brick_stairs":1,"minecraft:cauldron":4,"minecraft:rotten_flesh":70,"vampirism:purified_garlic":3,"minecraft:cobblestone":211,"minecraft:birch_log":5,"vampirism:vampire_book":2,"minecraft:magma_block":1,"minecraft:andesite":28,"minecraft:potato":3,"minecraft:flint":4,"evilcraft:flesh_humanoid":3,"minecraft:dirt":115,"born_in_chaos_v1:nightmare_stalker_skull":1,"born_in_chaos_v1:monster_skin":6,"minecraft:bone":24,"minecraft:glass":1,"minecraft:stonecutter":1,"minecraft:bow":2,"minecraft:wheat_seeds":53,"minecraft:raw_gold":2,"minecraft:bell":4,"vampirism:item_garlic":2,"minecraft:grindstone":2,"minecraft:rabbit":1,"minecraft:fletching_table":3,"minecraft:oak_planks":23,"minecraft:poisonous_potato":3,"minecraft:sand":40,"minecraft:dark_oak_log":129,"minecraft:chiseled_sandstone":1,"minecraft:clay":12,"minecraft:diamond":1,"minecraft:writable_book":1,"minecraft:granite":11,"minecraft:bone_meal":2,"minecraft:bread":5,"minecraft:emerald":7,"minecraft:oak_sapling":8,"born_in_chaos_v1:rotten_fish":13,"minecraft:crimson_roots":1,"minecraft:crafting_table":6,"born_in_chaos_v1:river_mint":1,"minecraft:clay_ball":1568,"born_in_chaos_v1:seedof_chaos":2,"minecraft:gold_block":1,"minecraft:fire_coral":1,"minecraft:iron_axe":1,"born_in_chaos_v1:intoxicating_decoction":1,"minecraft:glass_pane":15,"minecraft:beef":5,"minecraft:poppy":15,"minecraft:lectern":202,"minecraft:sugar_cane":150,"minecraft:birch_sapling":5,"minecraft:dark_oak_sapling":14,"minecraft:raw_iron":39,"minecraft:sandstone":51,"minecraft:oak_door":4,"minecraft:cookie":3,"minecraft:carrot":10,"born_in_chaos_v1:pieceofdarkmetal":6,"minecraft:prismarine_crystals":3,"minecraft:stone_pressure_plate":1,"minecraft:arrow":32,"minecraft:beetroot_seeds":9,"minecraft:pumpkin_pie":10,"minecraft:hay_block":47,"born_in_chaos_v1:spiny_shell":1,"minecraft:gold_ingot":36,"born_in_chaos_v1:trident_hayfork":2,"minecraft:white_wool":1,"minecraft:oxeye_daisy":1,"minecraft:stripped_oak_log":28,"born_in_chaos_v1:corpse_maggot":18,"born_in_chaos_v1:monster_flesh":3,"minecraft:cut_sandstone":2,"minecraft:leather":6,"minecraft:torchflower":1,"minecraft:oak_log":169,"minecraft:yellow_bed":7,"minecraft:gunpowder":7,"minecraft:cobblestone_stairs":17,"minecraft:blue_bed":1,"minecraft:stone_bricks":1,"minecraft:kelp":2,"minecraft:rabbit_hide":2,"minecraft:iron_ingot":11,"born_in_chaos_v1:chipped_black_argillite_brick":2,"tombstone:bag_of_seeds":1,"vampirism:holy_water_bottle_ultimate":1,"minecraft:flowering_azalea":1,"minecraft:book":12,"minecraft:oak_slab":4,"minecraft:dandelion":4,"minecraft:gravel":16,"minecraft:blast_furnace":2,"minecraft:white_bed":10,"minecraft:spider_eye":2,"evilcraft:dark_gem":13,"minecraft:scute":1,"minecraft:coal":247},"minecraft:killed":{"vampirism:vampire":4,"born_in_chaos_v1:zombie_lumberjack":1,"born_in_chaos_v1:door_knight_not_despawn":1,"minecraft:spider":6,"minecraft:skeleton":5,"vampirism:hunter":4,"minecraft:sheep":1,"born_in_chaos_v1:zombie_fisherman":1,"minecraft:zombie":13,"born_in_chaos_v1:dread_hound":1,"born_in_chaos_v1:corpse_fly":1,"born_in_chaos_v1:door_knight":2,"minecraft:cow":2,"born_in_chaos_v1:skeleton_thrasher_not_despawn":1,"born_in_chaos_v1:maggot":5,"born_in_chaos_v1:corpse_fish":9,"born_in_chaos_v1:decrepit_skeleton":2},"minecraft:killed_by":{"vampirism:advanced_vampire":1,"born_in_chaos_v1:nightmare_stalker":1,"vampirism:villager_angry":1,"minecraft:iron_golem":1,"born_in_chaos_v1:corpse_fish":1,"born_in_chaos_v1:dread_hound":1},"minecraft:used":{"minecraft:red_sand":1,"minecraft:iron_shovel":453,"minecraft:ladder":2,"minecraft:chest":2,"minecraft:iron_sword":316,"minecraft:bell":2,"tombstone:scroll_of_purification":1,"minecraft:rotten_flesh":1,"minecraft:iron_chestplate":1,"minecraft:carrot":2,"minecraft:obsidian":1,"tombstone:tablet_of_cupidity":2,"minecraft:iron_helmet":1,"minecraft:golden_sword":22,"minecraft:magma_block":1,"minecraft:furnace":5,"minecraft:oak_sapling":1,"minecraft:dark_oak_sapling":12,"minecraft:oak_planks":86,"minecraft:sandstone":51,"minecraft:clay":12,"minecraft:sugar_cane":21,"minecraft:blue_bed":1,"minecraft:cookie":1,"minecraft:glow_berries":6,"minecraft:sand":18,"minecraft:blast_furnace":3,"minecraft:bread":126,"minecraft:lectern":203,"minecraft:gravel":15,"minecraft:torchflower_seeds":1,"vampirism:garlic_bread":1,"born_in_chaos_v1:river_mint":1,"minecraft:grindstone":2,"minecraft:smithing_table":1,"minecraft:cooked_rabbit":1,"vampirism:med_chair":1,"minecraft:oak_boat":1,"minecraft:bone_meal":20,"minecraft:experience_bottle":1,"minecraft:oak_fence":5,"minecraft:flint_and_steel":6,"vampirism:item_alchemical_fire":4,"minecraft:cooked_chicken":3,"minecraft:oak_door":6,"minecraft:torch":94,"minecraft:dirt":77,"minecraft:golden_shovel":1,"minecraft:iron_axe":601,"minecraft:bamboo":3,"minecraft:golden_carrot":2,"tombstone:gift":2,"born_in_chaos_v1:trident_hayfork":23,"minecraft:rabbit":1,"minecraft:cut_sandstone":2,"born_in_chaos_v1:stimulating_decoction":1,"minecraft:fletching_table":5,"minecraft:stonecutter":2,"minecraft:cobblestone_slab":1,"born_in_chaos_v1:black_argillite_brick_stairs":1,"minecraft:crafting_table":9,"minecraft:white_bed":12,"minecraft:oak_log":2,"tombstone:bag_of_seeds":1,"minecraft:apple":5,"minecraft:iron_pickaxe":598,"minecraft:cobblestone":33,"minecraft:cooked_porkchop":1,"minecraft:bucket":5,"minecraft:yellow_bed":7,"minecraft:pumpkin_pie":10},"minecraft:crafted":{"minecraft:oak_planks":776,"minecraft:smooth_stone":3,"minecraft:chainmail_helmet":3,"vampirism:injection_garlic":1,"minecraft:cooked_chicken":2,"vampirism:med_chair":1,"minecraft:stone":6,"minecraft:bookshelf":2,"minecraft:glass":44,"minecraft:diamond_helmet":1,"minecraft:diamond_leggings":1,"minecraft:iron_boots":1,"minecraft:chest":3,"minecraft:cooked_rabbit":1,"minecraft:glass_bottle":3,"minecraft:oak_slab":12,"minecraft:arrow":16,"sophisticatedbackpacks:backpack":2,"minecraft:emerald":266,"minecraft:crafting_table":3,"minecraft:iron_helmet":1,"minecraft:fletching_table":3,"minecraft:birch_planks":20,"minecraft:apple":44,"minecraft:lectern":2,"minecraft:iron_chestplate":1,"minecraft:paper":87,"minecraft:stick":1972,"minecraft:iron_ingot":56,"minecraft:iron_pickaxe":2,"minecraft:gold_ingot":36,"minecraft:cherry_planks":8,"minecraft:oak_door":3,"minecraft:furnace":2,"minecraft:blast_furnace":1,"minecraft:bone_meal":45,"minecraft:glass_pane":16,"vampirism:injection_empty":1,"minecraft:lantern":12,"minecraft:iron_axe":3,"minecraft:ladder":3,"born_in_chaos_v1:fried_maggot":7,"minecraft:diamond_boots":1,"minecraft:dark_oak_planks":344,"minecraft:wheat":409,"sophisticatedbackpacks:iron_backpack":1,"minecraft:red_dye":1,"minecraft:iron_sword":2,"sophisticatedbackpacks:gold_backpack":1,"minecraft:enchanted_book":6,"minecraft:bread":83,"minecraft:air":0,"minecraft:oak_boat":1,"minecraft:chainmail_boots":13,"minecraft:iron_shovel":2,"minecraft:iron_leggings":1,"minecraft:stonecutter":1,"minecraft:white_bed":3,"minecraft:acacia_planks":4,"minecraft:torch":56,"minecraft:diamond_chestplate":1},"minecraft:custom":{"minecraft:interact_with_crafting_table":49,"minecraft:open_barrel":13,"minecraft:bell_ring":50,"minecraft:leave_game":4,"minecraft:time_since_death":274827,"minecraft:sprint_one_cm":1388126,"vampirism:interact_with_totem":3,"minecraft:drop":82,"minecraft:talked_to_villager":392,"minecraft:play_time":580011,"minecraft:deaths":8,"minecraft:jump":9360,"minecraft:walk_on_water_one_cm":177346,"minecraft:interact_with_furnace":42,"minecraft:traded_with_villager":324,"vampirism:interact_with_research_table":3,"minecraft:sleep_in_bed":50,"minecraft:damage_dealt":12107,"minecraft:crouch_one_cm":27543,"tombstone:undead_killed":26,"minecraft:interact_with_smithing_table":1,"minecraft:mob_kills":69,"minecraft:damage_dealt_resisted":4890,"minecraft:climb_one_cm":25950,"vampirism:interact_alchemical_cauldron":1,"minecraft:walk_one_cm":935564,"vampirism:skills_unlocked":4,"minecraft:sneak_time":19591,"minecraft:walk_under_water_one_cm":113675,"minecraft:boat_one_cm":190235,"minecraft:interact_with_lectern":1,"minecraft:interact_with_blast_furnace":4,"minecraft:total_world_time":580011,"vampirism:win_village_capture":2,"vampirism:interact_with_injection_chair":4,"minecraft:interact_with_grindstone":2,"minecraft:interact_with_stonecutter":1,"minecraft:time_since_rest":2519,"minecraft:damage_taken":7369,"minecraft:swim_one_cm":333464,"minecraft:fly_one_cm":1884151,"minecraft:open_chest":166,"vampirism:defend_village":2,"minecraft:fall_one_cm":189646}},"DataVersion":3465}