{"stats":{"minecraft:mined":{"minecraft:crafting_table":2,"minecraft:torch":1,"minecraft:red_sand":1,"minecraft:crimson_roots":2,"minecraft:dead_bush":2,"born_in_chaos_v1:chipped_black_argillite_brick":1,"minecraft:blue_bed":2,"minecraft:sandstone":40,"minecraft:wall_torch":1,"minecraft:magma_block":2,"minecraft:furnace":1,"minecraft:iron_ore":26,"minecraft:fire":5,"born_in_chaos_v1:black_argillite_brick_stairs":3,"minecraft:andesite":17,"evilcraft:dark_ore":3,"minecraft:coal_ore":50,"minecraft:oak_log":5,"minecraft:flowering_azalea_leaves":3,"minecraft:sand":15,"minecraft:azalea_leaves":5,"minecraft:stone":25},"minecraft:custom":{"minecraft:interact_with_furnace":10,"minecraft:mob_kills":2,"minecraft:interact_with_crafting_table":6,"vampirism:interact_with_research_table":2,"minecraft:damage_dealt_resisted":32,"minecraft:time_since_death":7501,"minecraft:sleep_in_bed":1,"minecraft:climb_one_cm":4284,"minecraft:time_since_rest":5102,"minecraft:sprint_one_cm":153635,"minecraft:damage_taken":1509,"minecraft:walk_one_cm":76832,"minecraft:drop":15,"minecraft:damage_dealt":686,"minecraft:swim_one_cm":41929,"minecraft:fly_one_cm":308601,"minecraft:open_chest":7,"minecraft:crouch_one_cm":3658,"tombstone:undead_killed":1,"minecraft:play_time":57948,"minecraft:deaths":3,"minecraft:sneak_time":1510,"minecraft:walk_under_water_one_cm":4695,"minecraft:jump":1263,"minecraft:walk_on_water_one_cm":36246,"minecraft:total_world_time":57948,"minecraft:fall_one_cm":26443},"minecraft:killed":{"minecraft:zombie":1,"born_in_chaos_v1:corpse_fly":1},"minecraft:killed_by":{"born_in_chaos_v1:corpse_fish":1,"born_in_chaos_v1:dread_hound":1},"minecraft:picked_up":{"minecraft:magma_block":1,"minecraft:crafting_table":2,"minecraft:andesite":17,"minecraft:oak_log":5,"minecraft:blue_bed":1,"minecraft:red_sand":1,"born_in_chaos_v1:chipped_black_argillite_brick":2,"minecraft:flowering_azalea":1,"minecraft:oak_planks":10,"minecraft:furnace":1,"minecraft:stick":6,"minecraft:raw_iron":26,"minecraft:sandstone":40,"minecraft:torch":3,"minecraft:sand":15,"born_in_chaos_v1:black_argillite_brick_stairs":1,"minecraft:rotten_flesh":1,"evilcraft:dark_gem":13,"minecraft:coal":50,"minecraft:crimson_roots":1,"minecraft:cobblestone":25},"minecraft:dropped":{"minecraft:golden_boots":1,"minecraft:golden_helmet":1,"vampirism:armor_of_swiftness_head_ultimate":1,"minecraft:oak_planks":1,"minecraft:golden_shovel":1,"vampirism:hunter_coat_chest_ultimate":1,"vampirism:hunter_axe_normal":1,"born_in_chaos_v1:chipped_black_argillite_brick":2,"minecraft:andesite":17,"minecraft:golden_sword":1,"vampirism:garlic_bread":4},"minecraft:crafted":{"minecraft:oak_door":3,"minecraft:oak_planks":20,"minecraft:crafting_table":2,"minecraft:iron_helmet":1,"minecraft:cooked_chicken":2,"minecraft:iron_sword":1,"minecraft:furnace":1,"minecraft:air":0,"minecraft:iron_boots":1,"minecraft:stick":4,"minecraft:iron_ingot":10,"minecraft:iron_pickaxe":1,"minecraft:torch":20,"minecraft:cooked_rabbit":1},"minecraft:used":{"minecraft:red_sand":1,"minecraft:flint_and_steel":5,"minecraft:sandstone":1,"minecraft:iron_sword":9,"vampirism:item_alchemical_fire":4,"tombstone:scroll_of_purification":1,"minecraft:blue_bed":1,"minecraft:cooked_chicken":3,"minecraft:rotten_flesh":1,"minecraft:oak_door":1,"born_in_chaos_v1:black_argillite_brick_stairs":1,"minecraft:torch":20,"minecraft:glow_berries":6,"minecraft:sand":12,"minecraft:crafting_table":4,"minecraft:carrot":2,"minecraft:golden_shovel":1,"minecraft:apple":5,"minecraft:bread":4,"minecraft:iron_pickaxe":170,"minecraft:iron_helmet":1,"minecraft:golden_sword":22,"minecraft:cobblestone":4,"minecraft:magma_block":1,"minecraft:furnace":2,"minecraft:cooked_porkchop":1,"minecraft:cooked_rabbit":1}},"DataVersion":3465}