{"stats":{"minecraft:mined":{"minecraft:stone_pressure_plate":1,"minecraft:white_bed":1,"minecraft:brewing_stand":1,"minecraft:chiseled_bookshelf":1,"minecraft:red_sand":1,"minecraft:grass_block":3,"minecraft:crimson_roots":2,"minecraft:redstone_wire":1,"minecraft:sandstone":51,"minecraft:hay_block":49,"minecraft:magma_block":2,"minecraft:furnace":3,"minecraft:iron_ore":32,"minecraft:fire":5,"minecraft:chiseled_sandstone":1,"born_in_chaos_v1:black_argillite_brick_stairs":3,"minecraft:andesite":17,"evilcraft:dark_ore":3,"minecraft:gold_block":1,"minecraft:flowering_azalea_leaves":6,"minecraft:cobblestone_slab":1,"minecraft:azalea_leaves":8,"minecraft:stone":26,"minecraft:tripwire":3,"minecraft:smithing_table":1,"minecraft:cut_sandstone":2,"born_in_chaos_v1:marigolds":1,"minecraft:clay":42,"minecraft:crafting_table":6,"minecraft:torch":2,"minecraft:dead_bush":5,"minecraft:lectern":1,"minecraft:stone_slab":3,"minecraft:tall_grass":4,"minecraft:cobblestone":4,"born_in_chaos_v1:chipped_black_argillite_brick":1,"minecraft:grindstone":1,"minecraft:sugar_cane":5,"minecraft:blue_bed":2,"minecraft:wall_torch":1,"minecraft:seagrass":1,"minecraft:wheat":3,"born_in_chaos_v1:river_mint":1,"minecraft:grass":12,"minecraft:oak_log":11,"minecraft:coal_ore":50,"minecraft:beetroots":2,"minecraft:gravel":1,"minecraft:sand":37,"minecraft:dirt":2,"minecraft:stone_bricks":1,"minecraft:oak_leaves":7},"minecraft:custom":{"minecraft:mob_kills":27,"minecraft:interact_with_crafting_table":21,"minecraft:open_barrel":13,"minecraft:damage_dealt_resisted":2842,"minecraft:leave_game":2,"minecraft:time_since_death":58464,"minecraft:climb_one_cm":7884,"vampirism:interact_alchemical_cauldron":1,"minecraft:sprint_one_cm":601668,"minecraft:walk_one_cm":348116,"vampirism:interact_with_totem":2,"minecraft:drop":36,"minecraft:talked_to_villager":10,"minecraft:play_time":228344,"minecraft:sneak_time":5189,"minecraft:deaths":5,"minecraft:walk_under_water_one_cm":40793,"minecraft:boat_one_cm":190235,"minecraft:interact_with_lectern":1,"minecraft:jump":4314,"minecraft:walk_on_water_one_cm":90580,"minecraft:total_world_time":228344,"vampirism:interact_with_injection_chair":1,"minecraft:interact_with_furnace":29,"minecraft:traded_with_villager":20,"vampirism:interact_with_research_table":2,"minecraft:sleep_in_bed":19,"minecraft:time_since_rest":10202,"minecraft:damage_taken":4191,"minecraft:damage_dealt":5195,"minecraft:swim_one_cm":163494,"minecraft:fly_one_cm":950021,"minecraft:open_chest":87,"minecraft:crouch_one_cm":16599,"tombstone:undead_killed":15,"minecraft:fall_one_cm":104568},"minecraft:killed_by":{"born_in_chaos_v1:nightmare_stalker":1,"born_in_chaos_v1:corpse_fish":1,"born_in_chaos_v1:dread_hound":1},"minecraft:killed":{"born_in_chaos_v1:zombie_lumberjack":1,"born_in_chaos_v1:door_knight_not_despawn":1,"minecraft:spider":4,"born_in_chaos_v1:skeleton_thrasher_not_despawn":1,"born_in_chaos_v1:maggot":2,"minecraft:skeleton":2,"born_in_chaos_v1:corpse_fish":2,"born_in_chaos_v1:decrepit_skeleton":2,"minecraft:sheep":1,"born_in_chaos_v1:zombie_fisherman":1,"minecraft:zombie":7,"born_in_chaos_v1:corpse_fly":1,"minecraft:cow":2},"minecraft:picked_up":{"minecraft:crafting_table":6,"minecraft:wheat":17,"born_in_chaos_v1:river_mint":1,"minecraft:clay_ball":172,"born_in_chaos_v1:seedof_chaos":1,"minecraft:smithing_table":1,"minecraft:stone_slab":1,"minecraft:gold_block":1,"minecraft:brewing_stand":1,"minecraft:string":8,"born_in_chaos_v1:intoxicating_decoction":1,"minecraft:beetroot":1,"minecraft:red_sand":1,"minecraft:bucket":1,"minecraft:beef":5,"minecraft:cobblestone_slab":1,"minecraft:wooden_shovel":2,"minecraft:lectern":1,"born_in_chaos_v1:stimulating_decoction":1,"minecraft:sugar_cane":9,"minecraft:furnace":3,"minecraft:stick":12,"minecraft:raw_iron":32,"minecraft:sandstone":51,"born_in_chaos_v1:shattered_skull":1,"minecraft:acacia_log":1,"minecraft:torch":4,"minecraft:cherry_log":2,"minecraft:carrot":1,"born_in_chaos_v1:pieceofdarkmetal":5,"born_in_chaos_v1:black_argillite_brick_stairs":1,"minecraft:stone_pressure_plate":1,"minecraft:rotten_flesh":47,"minecraft:arrow":2,"minecraft:beetroot_seeds":3,"minecraft:hay_block":47,"minecraft:cobblestone":28,"minecraft:white_wool":1,"born_in_chaos_v1:corpse_maggot":9,"minecraft:magma_block":1,"born_in_chaos_v1:monster_flesh":2,"minecraft:andesite":17,"minecraft:cut_sandstone":2,"minecraft:leather":4,"minecraft:oak_log":13,"minecraft:dirt":4,"minecraft:blue_bed":1,"born_in_chaos_v1:monster_skin":1,"minecraft:bone":10,"minecraft:stone_bricks":1,"minecraft:bow":1,"minecraft:wheat_seeds":3,"minecraft:rabbit_hide":2,"minecraft:grindstone":1,"minecraft:iron_ingot":2,"born_in_chaos_v1:chipped_black_argillite_brick":2,"minecraft:rabbit":1,"minecraft:flowering_azalea":1,"minecraft:oak_planks":10,"minecraft:book":4,"minecraft:gravel":1,"minecraft:poisonous_potato":1,"minecraft:sand":37,"minecraft:white_bed":1,"minecraft:chiseled_sandstone":1,"minecraft:spider_eye":1,"minecraft:diamond":1,"minecraft:writable_book":1,"evilcraft:dark_gem":13,"minecraft:oak_sapling":1,"born_in_chaos_v1:rotten_fish":5,"minecraft:coal":128,"minecraft:crimson_roots":1},"minecraft:dropped":{"vampirism:item_garlic":3,"minecraft:golden_boots":1,"minecraft:iron_ingot":27,"born_in_chaos_v1:intoxicating_decoction":1,"minecraft:wheat_seeds":1,"minecraft:golden_helmet":1,"minecraft:glass_bottle":1,"minecraft:cobblestone":1,"vampirism:hunter_coat_chest_ultimate":1,"born_in_chaos_v1:monster_flesh":2,"minecraft:paper":2,"vampirism:garlic_bread":4,"vampirism:armor_of_swiftness_head_ultimate":1,"born_in_chaos_v1:rotten_fish":1,"minecraft:rotten_flesh":6,"minecraft:oak_planks":2,"minecraft:golden_shovel":1,"minecraft:white_bed":1,"vampirism:hunter_axe_normal":1,"born_in_chaos_v1:chipped_black_argillite_brick":2,"minecraft:andesite":17,"minecraft:wooden_shovel":1,"minecraft:golden_sword":1,"minecraft:stone_bricks":1},"minecraft:crafted":{"minecraft:cherry_planks":8,"minecraft:oak_door":3,"minecraft:oak_planks":44,"minecraft:cooked_chicken":2,"vampirism:med_chair":1,"minecraft:furnace":1,"minecraft:glass_pane":16,"vampirism:injection_empty":1,"minecraft:glass":12,"minecraft:iron_boots":1,"born_in_chaos_v1:fried_maggot":7,"minecraft:chest":2,"minecraft:cooked_rabbit":1,"sophisticatedbackpacks:iron_backpack":1,"minecraft:wheat":409,"minecraft:red_dye":1,"minecraft:glass_bottle":3,"minecraft:emerald":9,"sophisticatedbackpacks:backpack":2,"minecraft:crafting_table":3,"minecraft:iron_helmet":1,"minecraft:iron_sword":1,"sophisticatedbackpacks:gold_backpack":1,"minecraft:bread":83,"minecraft:air":0,"minecraft:apple":44,"minecraft:oak_boat":1,"minecraft:iron_chestplate":1,"minecraft:stick":4,"minecraft:iron_ingot":30,"minecraft:iron_pickaxe":2,"minecraft:iron_shovel":1,"minecraft:iron_leggings":1,"minecraft:gold_ingot":36,"minecraft:white_bed":2,"minecraft:torch":20},"minecraft:used":{"minecraft:red_sand":1,"minecraft:iron_shovel":44,"minecraft:flint_and_steel":5,"minecraft:chest":1,"minecraft:iron_sword":160,"vampirism:item_alchemical_fire":4,"tombstone:scroll_of_purification":1,"minecraft:cooked_chicken":3,"minecraft:rotten_flesh":1,"minecraft:iron_chestplate":1,"minecraft:oak_door":3,"minecraft:torch":45,"minecraft:dirt":4,"minecraft:carrot":2,"minecraft:golden_shovel":1,"minecraft:obsidian":1,"tombstone:tablet_of_cupidity":2,"minecraft:iron_helmet":1,"minecraft:golden_sword":22,"minecraft:golden_carrot":1,"minecraft:magma_block":1,"minecraft:oak_sapling":1,"minecraft:furnace":4,"tombstone:gift":2,"minecraft:rabbit":1,"minecraft:sandstone":51,"minecraft:cut_sandstone":2,"born_in_chaos_v1:stimulating_decoction":1,"minecraft:cobblestone_slab":1,"minecraft:sugar_cane":8,"minecraft:blue_bed":1,"born_in_chaos_v1:black_argillite_brick_stairs":1,"minecraft:glow_berries":6,"minecraft:sand":17,"minecraft:crafting_table":9,"minecraft:white_bed":2,"minecraft:oak_log":2,"minecraft:apple":5,"minecraft:bread":62,"minecraft:iron_pickaxe":208,"minecraft:lectern":1,"minecraft:cobblestone":19,"born_in_chaos_v1:river_mint":1,"minecraft:cooked_porkchop":1,"minecraft:cooked_rabbit":1,"vampirism:med_chair":1,"minecraft:oak_boat":1,"minecraft:experience_bottle":1}},"DataVersion":3465}