{"stats":{"minecraft:dropped":{"minecraft:glass_bottle":1,"vampirism:hunter_coat_chest_ultimate":1,"minecraft:flint":1,"born_in_chaos_v1:monster_flesh":2,"minecraft:rotten_flesh":6,"minecraft:oak_planks":2,"minecraft:golden_shovel":1,"minecraft:white_bed":1,"vampirism:hunter_axe_normal":1,"born_in_chaos_v1:chipped_black_argillite_brick":2,"minecraft:chainmail_boots":7,"vampirism:item_garlic":3,"minecraft:iron_ingot":27,"minecraft:golden_boots":1,"born_in_chaos_v1:intoxicating_decoction":1,"minecraft:wheat_seeds":1,"minecraft:golden_helmet":1,"vampirism:vampire_book":2,"minecraft:cobblestone":1,"minecraft:chainmail_helmet":3,"minecraft:paper":2,"vampirism:garlic_bread":4,"vampirism:armor_of_swiftness_head_ultimate":1,"born_in_chaos_v1:rotten_fish":1,"minecraft:andesite":17,"minecraft:wooden_shovel":1,"minecraft:golden_sword":1,"minecraft:stone_bricks":1},"minecraft:broken":{"minecraft:iron_shovel":1},"minecraft:mined":{"minecraft:stone_pressure_plate":1,"minecraft:white_bed":10,"minecraft:cobblestone_stairs":8,"minecraft:brewing_stand":1,"minecraft:red_sand":1,"minecraft:grass_block":15,"minecraft:smooth_stone":1,"minecraft:magma_block":2,"minecraft:iron_ore":33,"minecraft:fire":5,"born_in_chaos_v1:black_argillite_brick_stairs":3,"minecraft:fletching_table":1,"minecraft:water_cauldron":4,"minecraft:flowering_azalea_leaves":6,"minecraft:azalea_leaves":8,"minecraft:tripwire":3,"minecraft:cut_sandstone":2,"minecraft:clay":319,"minecraft:torch":2,"minecraft:blast_furnace":2,"minecraft:dead_bush":5,"minecraft:cobblestone":18,"minecraft:grindstone":1,"minecraft:sugar_cane":64,"minecraft:oak_planks":7,"minecraft:wall_torch":2,"minecraft:seagrass":2,"minecraft:wheat":3,"born_in_chaos_v1:river_mint":1,"minecraft:grass":39,"minecraft:oak_log":124,"minecraft:beetroots":2,"minecraft:sand":40,"minecraft:dirt":26,"minecraft:stonecutter":1,"minecraft:oak_leaves":17,"minecraft:oak_door":1,"minecraft:chiseled_bookshelf":1,"minecraft:crimson_roots":2,"minecraft:redstone_wire":1,"minecraft:sandstone":51,"minecraft:hay_block":49,"minecraft:furnace":3,"minecraft:chiseled_sandstone":1,"minecraft:andesite":17,"evilcraft:dark_ore":3,"minecraft:gold_block":1,"minecraft:bell":4,"minecraft:cobblestone_slab":1,"minecraft:stripped_oak_log":28,"minecraft:stone":41,"minecraft:smithing_table":1,"born_in_chaos_v1:marigolds":1,"minecraft:dandelion":4,"minecraft:oak_fence":5,"minecraft:crafting_table":6,"minecraft:lectern":195,"minecraft:stone_slab":3,"minecraft:tall_grass":8,"born_in_chaos_v1:chipped_black_argillite_brick":1,"minecraft:blue_bed":2,"minecraft:yellow_bed":7,"minecraft:coal_ore":88,"evilcraft:blood_stain":1,"minecraft:gravel":3,"minecraft:stone_bricks":1},"minecraft:picked_up":{"minecraft:wheat":22,"minecraft:smithing_table":1,"minecraft:stone_slab":1,"minecraft:brewing_stand":1,"minecraft:string":9,"minecraft:pufferfish":1,"minecraft:beetroot":2,"minecraft:red_sand":1,"minecraft:smooth_stone":2,"minecraft:bucket":3,"minecraft:cobblestone_slab":1,"minecraft:wooden_shovel":2,"minecraft:iron_pickaxe":1,"born_in_chaos_v1:stimulating_decoction":1,"minecraft:furnace":4,"minecraft:tipped_arrow":3,"minecraft:stick":14,"born_in_chaos_v1:shattered_skull":2,"minecraft:oak_fence":5,"minecraft:acacia_log":1,"minecraft:torch":13,"minecraft:cherry_log":2,"vampirism:vampire_fang":1,"born_in_chaos_v1:nightmare_claw":1,"born_in_chaos_v1:black_argillite_brick_stairs":1,"minecraft:cauldron":4,"minecraft:rotten_flesh":55,"vampirism:purified_garlic":3,"minecraft:cobblestone":57,"vampirism:vampire_book":2,"minecraft:magma_block":1,"minecraft:andesite":17,"minecraft:flint":1,"evilcraft:flesh_humanoid":3,"minecraft:dirt":77,"born_in_chaos_v1:nightmare_stalker_skull":1,"born_in_chaos_v1:monster_skin":5,"minecraft:bone":11,"minecraft:glass":1,"minecraft:stonecutter":1,"minecraft:bow":2,"minecraft:wheat_seeds":50,"minecraft:bell":4,"vampirism:item_garlic":2,"minecraft:grindstone":1,"minecraft:rabbit":1,"minecraft:fletching_table":1,"minecraft:oak_planks":22,"minecraft:poisonous_potato":3,"minecraft:sand":40,"minecraft:chiseled_sandstone":1,"minecraft:clay":12,"minecraft:diamond":1,"minecraft:writable_book":1,"minecraft:bread":5,"minecraft:emerald":7,"born_in_chaos_v1:rotten_fish":8,"minecraft:oak_sapling":5,"minecraft:crimson_roots":1,"minecraft:crafting_table":6,"born_in_chaos_v1:river_mint":1,"minecraft:clay_ball":1252,"born_in_chaos_v1:seedof_chaos":2,"minecraft:gold_block":1,"born_in_chaos_v1:intoxicating_decoction":1,"minecraft:glass_pane":15,"minecraft:beef":5,"minecraft:poppy":8,"minecraft:lectern":195,"minecraft:sugar_cane":90,"minecraft:birch_sapling":1,"minecraft:raw_iron":33,"minecraft:sandstone":51,"minecraft:oak_door":4,"minecraft:cookie":3,"minecraft:carrot":8,"born_in_chaos_v1:pieceofdarkmetal":6,"minecraft:stone_pressure_plate":1,"minecraft:arrow":23,"minecraft:beetroot_seeds":9,"minecraft:pumpkin_pie":10,"minecraft:hay_block":47,"born_in_chaos_v1:spiny_shell":1,"minecraft:gold_ingot":36,"minecraft:white_wool":1,"minecraft:stripped_oak_log":28,"born_in_chaos_v1:corpse_maggot":14,"born_in_chaos_v1:monster_flesh":2,"minecraft:cut_sandstone":2,"minecraft:leather":6,"minecraft:oak_log":134,"minecraft:yellow_bed":7,"minecraft:gunpowder":7,"minecraft:cobblestone_stairs":17,"minecraft:blue_bed":1,"minecraft:stone_bricks":1,"minecraft:rabbit_hide":2,"minecraft:iron_ingot":2,"born_in_chaos_v1:chipped_black_argillite_brick":2,"vampirism:holy_water_bottle_ultimate":1,"minecraft:flowering_azalea":1,"minecraft:book":12,"minecraft:oak_slab":4,"minecraft:dandelion":1,"minecraft:gravel":3,"minecraft:blast_furnace":2,"minecraft:white_bed":10,"minecraft:spider_eye":2,"evilcraft:dark_gem":13,"minecraft:scute":1,"minecraft:coal":170},"minecraft:killed":{"vampirism:vampire":4,"born_in_chaos_v1:zombie_lumberjack":1,"born_in_chaos_v1:door_knight_not_despawn":1,"minecraft:spider":6,"minecraft:skeleton":2,"vampirism:hunter":4,"minecraft:sheep":1,"born_in_chaos_v1:zombie_fisherman":1,"minecraft:zombie":7,"born_in_chaos_v1:corpse_fly":1,"born_in_chaos_v1:door_knight":1,"minecraft:cow":2,"born_in_chaos_v1:skeleton_thrasher_not_despawn":1,"born_in_chaos_v1:maggot":4,"born_in_chaos_v1:corpse_fish":2,"born_in_chaos_v1:decrepit_skeleton":2},"minecraft:killed_by":{"vampirism:advanced_vampire":1,"born_in_chaos_v1:nightmare_stalker":1,"vampirism:villager_angry":1,"minecraft:iron_golem":1,"born_in_chaos_v1:corpse_fish":1,"born_in_chaos_v1:dread_hound":1},"minecraft:used":{"minecraft:red_sand":1,"minecraft:iron_shovel":344,"minecraft:ladder":2,"minecraft:chest":2,"minecraft:iron_sword":245,"minecraft:bell":2,"tombstone:scroll_of_purification":1,"minecraft:rotten_flesh":1,"minecraft:iron_chestplate":1,"minecraft:carrot":2,"minecraft:obsidian":1,"tombstone:tablet_of_cupidity":2,"minecraft:iron_helmet":1,"minecraft:golden_sword":22,"minecraft:magma_block":1,"minecraft:furnace":5,"minecraft:oak_sapling":1,"minecraft:oak_planks":85,"minecraft:sandstone":51,"minecraft:clay":12,"minecraft:blue_bed":1,"minecraft:sugar_cane":21,"minecraft:cookie":1,"minecraft:glow_berries":6,"minecraft:sand":18,"minecraft:blast_furnace":3,"minecraft:bread":92,"minecraft:lectern":195,"vampirism:garlic_bread":1,"born_in_chaos_v1:river_mint":1,"minecraft:grindstone":1,"minecraft:smithing_table":1,"minecraft:cooked_rabbit":1,"vampirism:med_chair":1,"minecraft:oak_boat":1,"minecraft:experience_bottle":1,"minecraft:oak_fence":5,"minecraft:flint_and_steel":5,"vampirism:item_alchemical_fire":4,"minecraft:cooked_chicken":3,"minecraft:oak_door":6,"minecraft:torch":61,"minecraft:dirt":44,"minecraft:golden_shovel":1,"minecraft:iron_axe":357,"minecraft:bamboo":3,"minecraft:golden_carrot":2,"tombstone:gift":2,"minecraft:rabbit":1,"minecraft:cut_sandstone":2,"born_in_chaos_v1:stimulating_decoction":1,"minecraft:fletching_table":2,"minecraft:stonecutter":2,"minecraft:cobblestone_slab":1,"born_in_chaos_v1:black_argillite_brick_stairs":1,"minecraft:crafting_table":9,"minecraft:white_bed":12,"minecraft:oak_log":2,"minecraft:apple":5,"minecraft:iron_pickaxe":298,"minecraft:cobblestone":19,"minecraft:cooked_porkchop":1,"minecraft:bucket":5,"minecraft:yellow_bed":7,"minecraft:pumpkin_pie":10},"minecraft:crafted":{"minecraft:oak_planks":608,"minecraft:smooth_stone":3,"minecraft:chainmail_helmet":3,"vampirism:injection_garlic":1,"minecraft:cooked_chicken":2,"vampirism:med_chair":1,"minecraft:stone":6,"minecraft:bookshelf":2,"minecraft:glass":12,"minecraft:diamond_helmet":1,"minecraft:diamond_leggings":1,"minecraft:iron_boots":1,"minecraft:chest":3,"minecraft:cooked_rabbit":1,"minecraft:glass_bottle":3,"minecraft:oak_slab":12,"sophisticatedbackpacks:backpack":2,"minecraft:emerald":193,"minecraft:crafting_table":3,"minecraft:iron_helmet":1,"minecraft:fletching_table":1,"minecraft:apple":44,"minecraft:lectern":2,"minecraft:iron_chestplate":1,"minecraft:paper":69,"minecraft:stick":924,"minecraft:iron_ingot":51,"minecraft:iron_pickaxe":2,"minecraft:gold_ingot":36,"minecraft:cherry_planks":8,"minecraft:oak_door":3,"minecraft:furnace":2,"minecraft:blast_furnace":1,"minecraft:glass_pane":16,"vampirism:injection_empty":1,"minecraft:iron_axe":2,"minecraft:ladder":3,"born_in_chaos_v1:fried_maggot":7,"minecraft:diamond_boots":1,"minecraft:wheat":409,"sophisticatedbackpacks:iron_backpack":1,"minecraft:red_dye":1,"minecraft:iron_sword":1,"sophisticatedbackpacks:gold_backpack":1,"minecraft:enchanted_book":4,"minecraft:bread":83,"minecraft:air":0,"minecraft:oak_boat":1,"minecraft:chainmail_boots":13,"minecraft:iron_shovel":2,"minecraft:iron_leggings":1,"minecraft:stonecutter":1,"minecraft:white_bed":3,"minecraft:acacia_planks":4,"minecraft:torch":20,"minecraft:diamond_chestplate":1},"minecraft:custom":{"minecraft:interact_with_crafting_table":44,"minecraft:open_barrel":13,"minecraft:bell_ring":50,"minecraft:leave_game":3,"minecraft:time_since_death":164318,"minecraft:sprint_one_cm":1113889,"vampirism:interact_with_totem":3,"minecraft:drop":49,"minecraft:talked_to_villager":335,"minecraft:play_time":469502,"minecraft:deaths":8,"minecraft:jump":7677,"minecraft:walk_on_water_one_cm":154891,"minecraft:interact_with_furnace":41,"minecraft:traded_with_villager":228,"vampirism:interact_with_research_table":3,"minecraft:sleep_in_bed":44,"minecraft:damage_dealt":8186,"minecraft:crouch_one_cm":26534,"tombstone:undead_killed":16,"minecraft:mob_kills":45,"minecraft:damage_dealt_resisted":3862,"minecraft:climb_one_cm":19049,"vampirism:interact_alchemical_cauldron":1,"minecraft:walk_one_cm":748415,"vampirism:skills_unlocked":4,"minecraft:sneak_time":17321,"minecraft:walk_under_water_one_cm":89141,"minecraft:boat_one_cm":190235,"minecraft:interact_with_lectern":1,"minecraft:interact_with_blast_furnace":1,"minecraft:total_world_time":469502,"vampirism:win_village_capture":2,"vampirism:interact_with_injection_chair":4,"minecraft:interact_with_grindstone":2,"minecraft:interact_with_stonecutter":1,"minecraft:time_since_rest":2635,"minecraft:damage_taken":6240,"minecraft:swim_one_cm":311671,"minecraft:fly_one_cm":1656481,"minecraft:open_chest":151,"vampirism:defend_village":2,"minecraft:fall_one_cm":167004}},"DataVersion":3465}