{"stats":{"minecraft:dropped":{"minecraft:raw_copper":2,"minecraft:wooden_sword":2,"minecraft:stone_pickaxe":3},"minecraft:killed":{"vampirism:vampire":1,"minecraft:skeleton":1,"minecraft:sheep":2,"minecraft:chicken":1,"minecraft:cow":7},"minecraft:used":{"minecraft:cooked_mutton":6,"minecraft:stone_sword":35,"minecraft:stone_pickaxe":105,"minecraft:wooden_pickaxe":20,"minecraft:cooked_chicken":1,"minecraft:torch":26,"minecraft:dirt":10,"minecraft:crafting_table":2,"minecraft:white_bed":4,"minecraft:wooden_sword":4,"minecraft:cobblestone":10,"minecraft:furnace":3,"tombstone:gift":1,"minecraft:cooked_beef":3},"minecraft:mined":{"minecraft:acacia_leaves":1,"minecraft:white_bed":3,"minecraft:crafting_table":1,"minecraft:grass_block":4,"minecraft:tall_grass":7,"minecraft:cobblestone":9,"minecraft:sugar_cane":4,"minecraft:furnace":1,"minecraft:iron_ore":13,"evilcraft:dark_ore":1,"minecraft:grass":14,"minecraft:coal_ore":48,"minecraft:oak_log":9,"minecraft:dirt":8,"minecraft:stone":46,"minecraft:oak_leaves":16},"minecraft:custom":{"minecraft:interact_with_furnace":38,"minecraft:mob_kills":12,"minecraft:interact_with_crafting_table":10,"minecraft:leave_game":1,"minecraft:time_since_death":14909,"minecraft:sleep_in_bed":5,"minecraft:climb_one_cm":196,"minecraft:time_since_rest":3945,"minecraft:sprint_one_cm":135897,"minecraft:damage_taken":814,"minecraft:walk_one_cm":51244,"minecraft:drop":7,"minecraft:damage_dealt":1350,"minecraft:swim_one_cm":2936,"minecraft:fly_one_cm":204078,"minecraft:open_chest":1,"minecraft:crouch_one_cm":1652,"minecraft:play_time":38961,"tombstone:undead_killed":1,"minecraft:deaths":1,"minecraft:sneak_time":1100,"minecraft:walk_under_water_one_cm":1679,"minecraft:jump":1089,"minecraft:walk_on_water_one_cm":990,"minecraft:total_world_time":38961,"minecraft:fall_one_cm":40690},"minecraft:crafted":{"minecraft:cooked_beef":14,"minecraft:oak_planks":24,"minecraft:crafting_table":1,"minecraft:wooden_pickaxe":1,"minecraft:cooked_chicken":1,"minecraft:furnace":2,"minecraft:cooked_mutton":6,"minecraft:air":0,"minecraft:iron_chestplate":1,"minecraft:shield":1,"minecraft:stick":12,"minecraft:iron_ingot":13,"minecraft:iron_pickaxe":1,"minecraft:stone_pickaxe":1,"minecraft:stone_sword":1,"minecraft:white_bed":1,"minecraft:torch":32},"minecraft:killed_by":{"minecraft:zombie":1},"minecraft:picked_up":{"minecraft:crafting_table":1,"minecraft:feather":1,"minecraft:chicken":1,"minecraft:leather":6,"minecraft:oak_log":9,"minecraft:dirt":12,"minecraft:raw_copper":2,"minecraft:wooden_sword":2,"minecraft:wheat_seeds":4,"minecraft:stone_pickaxe":2,"minecraft:beef":14,"minecraft:sugar_cane":5,"minecraft:furnace":1,"minecraft:egg":1,"minecraft:stick":3,"minecraft:raw_iron":13,"minecraft:white_bed":3,"minecraft:arrow":2,"evilcraft:dark_gem":5,"minecraft:oak_sapling":4,"minecraft:mutton":6,"minecraft:coal":48,"minecraft:white_wool":3,"minecraft:cobblestone":55}},"DataVersion":3465}