{"stats":{"minecraft:dropped":{"minecraft:wooden_sword":2},"minecraft:used":{"minecraft:cooked_mutton":5,"minecraft:stone_sword":4,"minecraft:stone_pickaxe":31,"minecraft:wooden_pickaxe":20,"minecraft:wooden_sword":4,"minecraft:crafting_table":1,"minecraft:furnace":1,"minecraft:white_bed":2},"minecraft:killed":{"minecraft:skeleton":1,"minecraft:sheep":2},"minecraft:mined":{"minecraft:white_bed":2,"minecraft:furnace":1,"evilcraft:dark_ore":1,"minecraft:crafting_table":1,"minecraft:grass":2,"minecraft:oak_log":9,"minecraft:coal_ore":26,"minecraft:tall_grass":7,"minecraft:stone":22,"minecraft:sugar_cane":4,"minecraft:oak_leaves":16},"minecraft:crafted":{"minecraft:oak_planks":20,"minecraft:crafting_table":1,"minecraft:stick":4,"minecraft:wooden_pickaxe":1,"minecraft:stone_pickaxe":1,"minecraft:stone_sword":1,"minecraft:furnace":1,"minecraft:white_bed":1,"minecraft:cooked_mutton":6,"minecraft:air":0},"minecraft:custom":{"minecraft:time_since_rest":6034,"minecraft:interact_with_furnace":9,"minecraft:sprint_one_cm":37215,"minecraft:damage_taken":320,"minecraft:walk_one_cm":18887,"minecraft:mob_kills":3,"minecraft:drop":2,"minecraft:damage_dealt":420,"minecraft:swim_one_cm":2400,"minecraft:interact_with_crafting_table":2,"minecraft:fly_one_cm":72893,"minecraft:crouch_one_cm":533,"minecraft:play_time":15929,"tombstone:undead_killed":1,"minecraft:sneak_time":209,"minecraft:walk_under_water_one_cm":190,"minecraft:jump":403,"minecraft:leave_game":1,"minecraft:walk_on_water_one_cm":638,"minecraft:time_since_death":15929,"minecraft:sleep_in_bed":2,"minecraft:climb_one_cm":196,"minecraft:total_world_time":15929,"minecraft:fall_one_cm":18055},"minecraft:picked_up":{"minecraft:stick":3,"minecraft:crafting_table":1,"minecraft:oak_log":9,"minecraft:white_bed":2,"minecraft:wooden_sword":2,"minecraft:arrow":2,"minecraft:wheat_seeds":2,"evilcraft:dark_gem":5,"minecraft:oak_sapling":4,"minecraft:sugar_cane":5,"minecraft:mutton":6,"minecraft:coal":26,"minecraft:white_wool":3,"minecraft:cobblestone":22,"minecraft:furnace":1}},"DataVersion":3465}