{"stats":{"minecraft:dropped":{"minecraft:raw_copper":2,"minecraft:wooden_sword":2,"minecraft:stone_pickaxe":3},"minecraft:killed":{"vampirism:vampire":1,"born_in_chaos_v1:scarlet_persecutor":1,"minecraft:skeleton":1,"minecraft:sheep":2,"minecraft:chicken":1,"minecraft:cow":7},"minecraft:used":{"minecraft:cooked_mutton":6,"minecraft:stone_sword":42,"minecraft:stone_pickaxe":105,"minecraft:wooden_pickaxe":20,"minecraft:cooked_chicken":1,"minecraft:torch":46,"minecraft:dirt":10,"minecraft:crafting_table":2,"minecraft:white_bed":4,"minecraft:iron_pickaxe":169,"minecraft:wooden_sword":4,"minecraft:cobblestone":11,"minecraft:furnace":3,"tombstone:gift":2,"minecraft:cooked_beef":7},"minecraft:mined":{"minecraft:acacia_leaves":1,"minecraft:white_bed":3,"minecraft:crafting_table":1,"minecraft:grass_block":4,"minecraft:tall_grass":7,"minecraft:cobblestone":9,"minecraft:sugar_cane":4,"minecraft:furnace":1,"minecraft:iron_ore":36,"evilcraft:dark_ore":1,"minecraft:grass":14,"minecraft:coal_ore":166,"minecraft:oak_log":9,"minecraft:dirt":8,"minecraft:stone":74,"minecraft:oak_leaves":16},"minecraft:custom":{"minecraft:interact_with_furnace":50,"minecraft:mob_kills":13,"minecraft:interact_with_crafting_table":13,"minecraft:leave_game":1,"minecraft:time_since_death":2713,"minecraft:sleep_in_bed":5,"minecraft:climb_one_cm":196,"minecraft:time_since_rest":2257,"minecraft:sprint_one_cm":180847,"minecraft:damage_taken":1946,"minecraft:walk_one_cm":68301,"minecraft:drop":7,"minecraft:damage_dealt":1700,"minecraft:swim_one_cm":2936,"minecraft:fly_one_cm":242574,"minecraft:open_chest":1,"minecraft:crouch_one_cm":3862,"minecraft:play_time":50961,"tombstone:undead_killed":1,"minecraft:deaths":4,"minecraft:sneak_time":3027,"minecraft:walk_under_water_one_cm":1679,"minecraft:jump":1374,"minecraft:walk_on_water_one_cm":990,"minecraft:total_world_time":50961,"minecraft:fall_one_cm":47519},"minecraft:crafted":{"minecraft:cooked_beef":14,"minecraft:oak_planks":24,"minecraft:crafting_table":1,"minecraft:iron_helmet":1,"minecraft:wooden_pickaxe":1,"minecraft:cooked_chicken":1,"minecraft:furnace":2,"minecraft:cooked_mutton":6,"minecraft:air":0,"minecraft:iron_boots":1,"minecraft:iron_chestplate":1,"minecraft:shield":1,"minecraft:stick":16,"minecraft:iron_ingot":25,"minecraft:iron_pickaxe":1,"minecraft:stone_pickaxe":1,"minecraft:stone_sword":1,"minecraft:white_bed":1,"minecraft:torch":48},"minecraft:killed_by":{"minecraft:zombie":1,"born_in_chaos_v1:scarlet_persecutor":2},"minecraft:picked_up":{"minecraft:crafting_table":1,"minecraft:feather":1,"minecraft:chicken":1,"minecraft:leather":6,"minecraft:oak_log":9,"minecraft:dirt":12,"minecraft:raw_copper":2,"minecraft:wooden_sword":2,"minecraft:wheat_seeds":4,"minecraft:stone_pickaxe":2,"minecraft:beef":14,"minecraft:sugar_cane":5,"minecraft:furnace":1,"minecraft:egg":1,"minecraft:stick":3,"minecraft:raw_iron":36,"born_in_chaos_v1:ethereal_spirit":1,"minecraft:white_bed":3,"minecraft:arrow":2,"evilcraft:dark_gem":5,"minecraft:oak_sapling":4,"minecraft:mutton":6,"minecraft:coal":166,"minecraft:white_wool":3,"minecraft:cobblestone":82}},"DataVersion":3465}