{"stats":{"minecraft:mined":{"minecraft:stone_pressure_plate":1,"minecraft:white_bed":1,"minecraft:red_sand":1,"minecraft:crimson_roots":2,"minecraft:redstone_wire":1,"minecraft:sandstone":51,"minecraft:hay_block":28,"minecraft:magma_block":2,"minecraft:furnace":2,"minecraft:iron_ore":29,"minecraft:fire":5,"minecraft:chiseled_sandstone":1,"born_in_chaos_v1:black_argillite_brick_stairs":3,"minecraft:andesite":17,"evilcraft:dark_ore":3,"minecraft:gold_block":1,"minecraft:flowering_azalea_leaves":6,"minecraft:cobblestone_slab":1,"minecraft:azalea_leaves":8,"minecraft:stone":25,"minecraft:tripwire":3,"minecraft:cut_sandstone":2,"minecraft:crafting_table":6,"minecraft:torch":2,"minecraft:dead_bush":5,"minecraft:stone_slab":3,"minecraft:tall_grass":4,"minecraft:cobblestone":4,"born_in_chaos_v1:chipped_black_argillite_brick":1,"minecraft:sugar_cane":5,"minecraft:wall_torch":1,"minecraft:blue_bed":2,"minecraft:wheat":3,"born_in_chaos_v1:river_mint":1,"minecraft:grass":8,"minecraft:oak_log":11,"minecraft:coal_ore":50,"minecraft:beetroots":1,"minecraft:sand":37,"minecraft:stone_bricks":1,"minecraft:oak_leaves":2},"minecraft:custom":{"minecraft:mob_kills":13,"minecraft:interact_with_crafting_table":17,"minecraft:damage_dealt_resisted":32,"minecraft:time_since_death":85501,"minecraft:climb_one_cm":7884,"minecraft:sprint_one_cm":347822,"minecraft:walk_one_cm":229513,"minecraft:drop":32,"vampirism:interact_with_totem":2,"minecraft:talked_to_villager":3,"minecraft:play_time":135948,"minecraft:deaths":3,"minecraft:sneak_time":4239,"minecraft:walk_under_water_one_cm":23895,"minecraft:boat_one_cm":190235,"minecraft:jump":2693,"minecraft:walk_on_water_one_cm":49154,"minecraft:total_world_time":135948,"vampirism:interact_with_injection_chair":1,"minecraft:interact_with_furnace":21,"vampirism:interact_with_research_table":2,"minecraft:sleep_in_bed":7,"minecraft:time_since_rest":2772,"minecraft:damage_taken":2172,"minecraft:damage_dealt":1922,"minecraft:swim_one_cm":66416,"minecraft:fly_one_cm":570822,"minecraft:open_chest":42,"minecraft:crouch_one_cm":15190,"tombstone:undead_killed":5,"minecraft:fall_one_cm":59161},"minecraft:killed_by":{"born_in_chaos_v1:corpse_fish":1,"born_in_chaos_v1:dread_hound":1},"minecraft:killed":{"minecraft:spider":2,"born_in_chaos_v1:maggot":2,"minecraft:skeleton":1,"minecraft:sheep":1,"minecraft:zombie":4,"born_in_chaos_v1:corpse_fly":1,"minecraft:cow":2},"minecraft:picked_up":{"minecraft:crafting_table":6,"minecraft:wheat":17,"born_in_chaos_v1:river_mint":1,"minecraft:stone_slab":1,"minecraft:gold_block":1,"minecraft:string":4,"born_in_chaos_v1:intoxicating_decoction":1,"minecraft:red_sand":1,"minecraft:beef":5,"minecraft:cobblestone_slab":1,"born_in_chaos_v1:stimulating_decoction":1,"minecraft:sugar_cane":8,"minecraft:furnace":2,"minecraft:stick":12,"minecraft:raw_iron":29,"minecraft:sandstone":51,"minecraft:torch":4,"born_in_chaos_v1:black_argillite_brick_stairs":1,"minecraft:stone_pressure_plate":1,"minecraft:arrow":2,"minecraft:rotten_flesh":10,"minecraft:hay_block":27,"minecraft:cobblestone":28,"minecraft:white_wool":1,"minecraft:magma_block":1,"minecraft:andesite":17,"minecraft:leather":4,"minecraft:cut_sandstone":2,"minecraft:oak_log":11,"minecraft:blue_bed":1,"minecraft:bone":1,"minecraft:stone_bricks":1,"minecraft:wheat_seeds":2,"minecraft:rabbit_hide":2,"born_in_chaos_v1:chipped_black_argillite_brick":2,"minecraft:rabbit":1,"minecraft:oak_planks":10,"minecraft:flowering_azalea":1,"minecraft:sand":37,"minecraft:white_bed":1,"minecraft:chiseled_sandstone":1,"minecraft:spider_eye":1,"evilcraft:dark_gem":13,"minecraft:coal":91,"minecraft:crimson_roots":1},"minecraft:dropped":{"vampirism:item_garlic":3,"minecraft:golden_boots":1,"minecraft:iron_ingot":27,"born_in_chaos_v1:intoxicating_decoction":1,"minecraft:wheat_seeds":1,"minecraft:golden_helmet":1,"minecraft:glass_bottle":1,"minecraft:cobblestone":1,"vampirism:hunter_coat_chest_ultimate":1,"minecraft:paper":2,"vampirism:garlic_bread":4,"vampirism:armor_of_swiftness_head_ultimate":1,"minecraft:rotten_flesh":6,"minecraft:oak_planks":2,"minecraft:golden_shovel":1,"minecraft:white_bed":1,"vampirism:hunter_axe_normal":1,"born_in_chaos_v1:chipped_black_argillite_brick":2,"minecraft:andesite":17,"minecraft:golden_sword":1,"minecraft:stone_bricks":1},"minecraft:crafted":{"minecraft:oak_door":3,"minecraft:oak_planks":44,"minecraft:cooked_chicken":2,"vampirism:med_chair":1,"minecraft:furnace":1,"minecraft:glass":12,"minecraft:iron_boots":1,"minecraft:chest":1,"minecraft:cooked_rabbit":1,"minecraft:wheat":229,"minecraft:glass_bottle":3,"sophisticatedbackpacks:backpack":1,"minecraft:crafting_table":3,"minecraft:iron_helmet":1,"minecraft:iron_sword":1,"minecraft:bread":83,"minecraft:air":0,"minecraft:oak_boat":1,"minecraft:iron_chestplate":1,"minecraft:stick":4,"minecraft:iron_ingot":30,"minecraft:iron_pickaxe":1,"minecraft:gold_ingot":36,"minecraft:iron_leggings":1,"minecraft:white_bed":2,"minecraft:torch":20},"minecraft:used":{"minecraft:red_sand":1,"minecraft:flint_and_steel":5,"minecraft:iron_sword":40,"vampirism:item_alchemical_fire":4,"tombstone:scroll_of_purification":1,"minecraft:cooked_chicken":3,"minecraft:rotten_flesh":1,"minecraft:iron_chestplate":1,"minecraft:oak_door":3,"minecraft:torch":28,"minecraft:carrot":2,"minecraft:golden_shovel":1,"minecraft:obsidian":1,"minecraft:iron_helmet":1,"minecraft:golden_sword":22,"minecraft:magma_block":1,"minecraft:furnace":3,"minecraft:rabbit":1,"minecraft:sandstone":51,"minecraft:cut_sandstone":2,"minecraft:blue_bed":1,"born_in_chaos_v1:stimulating_decoction":1,"minecraft:sugar_cane":8,"minecraft:cobblestone_slab":1,"born_in_chaos_v1:black_argillite_brick_stairs":1,"minecraft:glow_berries":6,"minecraft:sand":17,"minecraft:crafting_table":9,"minecraft:white_bed":2,"minecraft:apple":5,"minecraft:bread":26,"minecraft:iron_pickaxe":200,"minecraft:cobblestone":19,"minecraft:cooked_porkchop":1,"minecraft:cooked_rabbit":1,"vampirism:med_chair":1,"minecraft:oak_boat":1,"minecraft:experience_bottle":1}},"DataVersion":3465}