{"stats":{"minecraft:broken":{"minecraft:wooden_shovel":1,"minecraft:wooden_sword":1},"minecraft:mined":{"minecraft:candle":1,"minecraft:mossy_stone_brick_slab":2,"minecraft:jungle_leaves":6,"minecraft:potted_dead_bush":3,"minecraft:red_sand":3,"minecraft:grass_block":1,"minecraft:spruce_fence":1,"minecraft:crimson_roots":1,"born_in_chaos_v1:gnawed_bones":1,"minecraft:spawner":1,"minecraft:hay_block":26,"minecraft:magma_block":17,"minecraft:chiseled_sandstone":2,"minecraft:andesite":3,"minecraft:stripped_spruce_log":1,"evilcraft:dark_ore":4,"minecraft:mossy_stone_brick_stairs":1,"minecraft:pointed_dripstone":1,"minecraft:vine":4,"minecraft:stone":8,"minecraft:white_wool":5,"minecraft:cut_sandstone":8,"minecraft:crimson_nylium":2,"minecraft:orange_terracotta":3,"minecraft:stone_brick_slab":4,"vampirism:tent_main":1,"minecraft:smooth_sandstone":2,"minecraft:torch":5,"minecraft:melon":2,"minecraft:chest":3,"minecraft:dead_bush":2,"minecraft:cobblestone":1,"minecraft:blue_bed":2,"minecraft:skeleton_skull":1,"minecraft:seagrass":1,"minecraft:cactus":5,"minecraft:blue_terracotta":1,"minecraft:spruce_log":38,"minecraft:stone_brick_stairs":5,"minecraft:coal_ore":19,"minecraft:beetroots":4,"minecraft:cocoa":1,"minecraft:sand":98,"minecraft:dirt":2,"minecraft:cracked_stone_bricks":14,"minecraft:polished_andesite":29,"minecraft:stone_bricks":13,"minecraft:netherrack":4,"minecraft:mossy_stone_bricks":3,"minecraft:oak_leaves":18,"minecraft:fern":1},"minecraft:custom":{"minecraft:mob_kills":1,"minecraft:interact_with_crafting_table":12,"minecraft:time_since_death":45004,"minecraft:climb_one_cm":3901,"minecraft:sprint_one_cm":2060,"minecraft:walk_one_cm":777896,"minecraft:drop":43,"minecraft:play_time":108479,"minecraft:deaths":6,"minecraft:sneak_time":15,"minecraft:walk_under_water_one_cm":19562,"minecraft:boat_one_cm":183330,"minecraft:jump":1350,"minecraft:walk_on_water_one_cm":74047,"minecraft:total_world_time":108479,"minecraft:interact_with_cartography_table":1,"minecraft:sleep_in_bed":3,"minecraft:time_since_rest":15671,"minecraft:damage_taken":2326,"minecraft:damage_dealt":369,"minecraft:fly_one_cm":2957,"minecraft:open_chest":6,"minecraft:crouch_one_cm":6,"tombstone:undead_killed":1,"minecraft:fall_one_cm":18378},"minecraft:killed":{"minecraft:zombie":1},"minecraft:killed_by":{"born_in_chaos_v1:nightmare_stalker":1,"minecraft:creeper":1,"born_in_chaos_v1:corpse_fly":1,"born_in_chaos_v1:dread_hound_not_despawn":1,"vampirism:vampire":1,"born_in_chaos_v1:dread_hound":1},"minecraft:picked_up":{"minecraft:wooden_axe":1,"minecraft:wheat":1,"minecraft:wooden_pickaxe":2,"minecraft:stone_brick_stairs":3,"minecraft:cracked_stone_bricks":8,"minecraft:red_sand":6,"minecraft:spruce_planks":26,"born_in_chaos_v1:gnawed_bones":4,"minecraft:iron_pickaxe":1,"minecraft:melon_slice":9,"minecraft:sugar_cane":6,"minecraft:chest":3,"minecraft:stick":7,"minecraft:torch":4,"minecraft:spruce_fence":3,"born_in_chaos_v1:black_argillite_brick_stairs":2,"minecraft:stone_sword":1,"minecraft:cactus":10,"minecraft:beetroot_seeds":4,"minecraft:hay_block":25,"minecraft:skeleton_skull":1,"minecraft:white_wool":4,"minecraft:cobblestone":3,"minecraft:magma_block":16,"born_in_chaos_v1:monster_flesh":2,"vampirism:item_tent":3,"minecraft:andesite":2,"minecraft:cut_sandstone":21,"evilcraft:flesh_humanoid":2,"minecraft:blue_bed":3,"minecraft:dirt":3,"born_in_chaos_v1:monster_skin":2,"minecraft:smooth_sandstone":2,"minecraft:apple":1,"minecraft:stone_bricks":9,"minecraft:iron_ingot":15,"minecraft:chiseled_stone_bricks":1,"minecraft:sand":124,"minecraft:stripped_spruce_log":1,"minecraft:spruce_log":33,"minecraft:chiseled_sandstone":2,"minecraft:polished_andesite":18,"born_in_chaos_v1:pile_of_skulls":1,"evilcraft:dark_gem":13,"minecraft:netherrack":12,"vampirism:hunter_axe_normal":1,"minecraft:coal":21,"minecraft:crimson_roots":6},"minecraft:dropped":{"minecraft:bread":5,"born_in_chaos_v1:pile_of_skulls":1,"vampirism:item_tent":2,"minecraft:coal":1,"minecraft:stick":8,"born_in_chaos_v1:monster_flesh":1,"born_in_chaos_v1:gnawed_bones":2,"born_in_chaos_v1:monster_skin":1,"tombstone:grave_key":1,"minecraft:crimson_roots":4,"minecraft:wooden_axe":1,"minecraft:cut_sandstone":21,"minecraft:sand":45,"minecraft:iron_pickaxe":1,"minecraft:cactus":10,"minecraft:smooth_sandstone":2,"minecraft:white_wool":4,"minecraft:chiseled_sandstone":2,"born_in_chaos_v1:black_argillite_brick_stairs":2,"minecraft:sugar_cane":3,"minecraft:spruce_fence":2,"evilcraft:flesh_humanoid":2,"minecraft:spruce_boat":1,"minecraft:spruce_planks":56,"minecraft:red_sand":6,"minecraft:wooden_pickaxe":2,"minecraft:magma_block":14,"minecraft:netherrack":6},"minecraft:crafted":{"minecraft:wooden_sword":1,"minecraft:spruce_boat":3,"minecraft:wheat":59,"minecraft:wooden_shovel":1,"minecraft:crafting_table":5,"minecraft:spruce_planks":84,"minecraft:wooden_pickaxe":1,"minecraft:iron_helmet":1,"minecraft:iron_sword":1,"minecraft:bread":12,"minecraft:stick":16,"minecraft:iron_pickaxe":1,"minecraft:iron_shovel":1,"minecraft:torch":14},"minecraft:used":{"minecraft:spruce_planks":5,"minecraft:iron_sword":11,"minecraft:wooden_shovel":59,"minecraft:torch":13,"minecraft:dirt":3,"minecraft:spruce_boat":2,"minecraft:wooden_axe":37,"minecraft:magma_block":2,"minecraft:wooden_pickaxe":50,"minecraft:blue_bed":3,"minecraft:sand":33,"minecraft:crafting_table":5,"minecraft:spruce_log":1,"minecraft:apple":1,"minecraft:bread":5,"minecraft:melon_slice":8,"minecraft:iron_pickaxe":113,"minecraft:wooden_sword":34}},"DataVersion":3465}