{"stats":{"minecraft:broken":{"minecraft:wooden_shovel":2,"minecraft:wooden_pickaxe":1},"minecraft:killed":{"minecraft:sheep":7,"minecraft:zombie":1,"minecraft:pig":3,"minecraft:chicken":2,"minecraft:cow":1,"born_in_chaos_v1:decrepit_skeleton":1},"minecraft:used":{"minecraft:wooden_axe":40,"minecraft:chicken":1,"minecraft:oak_planks":19,"minecraft:wooden_pickaxe":59,"minecraft:wooden_shovel":122,"minecraft:wooden_sword":84,"minecraft:cobblestone":27,"minecraft:mutton":1,"minecraft:crafting_table":4,"minecraft:porkchop":6,"minecraft:gray_bed":2},"minecraft:mined":{"minecraft:acacia_leaves":3,"minecraft:magma_block":4,"minecraft:fire":1,"minecraft:gray_bed":3,"minecraft:grass":41,"minecraft:acacia_log":25,"minecraft:coal_ore":23,"minecraft:spruce_fence":1,"minecraft:oak_log":16,"minecraft:dead_bush":1,"minecraft:gravel":1,"minecraft:sand":244,"minecraft:tall_grass":12,"minecraft:stone":29,"minecraft:fern":3},"minecraft:crafted":{"minecraft:wooden_sword":1,"minecraft:oak_planks":40,"minecraft:wooden_shovel":2,"minecraft:acacia_wood":3,"minecraft:crafting_table":4,"minecraft:stick":24,"minecraft:wooden_pickaxe":1,"minecraft:wooden_axe":1,"minecraft:stone_sword":1,"minecraft:acacia_planks":32},"minecraft:custom":{"minecraft:time_since_rest":7948,"minecraft:sprint_one_cm":764,"minecraft:damage_taken":539,"minecraft:walk_one_cm":344345,"minecraft:mob_kills":16,"minecraft:damage_dealt":1304,"minecraft:interact_with_crafting_table":8,"minecraft:fly_one_cm":1679,"minecraft:open_chest":4,"minecraft:crouch_one_cm":737,"minecraft:play_time":53010,"tombstone:undead_killed":2,"minecraft:deaths":1,"minecraft:sneak_time":153,"minecraft:walk_under_water_one_cm":7390,"minecraft:jump":477,"minecraft:leave_game":2,"minecraft:time_since_death":10347,"minecraft:walk_on_water_one_cm":4184,"minecraft:sleep_in_bed":3,"minecraft:climb_one_cm":140,"minecraft:total_world_time":53010,"minecraft:fall_one_cm":6603},"minecraft:killed_by":{"born_in_chaos_v1:scarlet_persecutor":1},"minecraft:picked_up":{"minecraft:iron_chestplate":1,"minecraft:feather":3,"minecraft:stick":2,"minecraft:magma_block":4,"minecraft:chicken":2,"minecraft:acacia_log":24,"minecraft:spruce_fence":1,"minecraft:sand":239,"minecraft:porkchop":7,"minecraft:flint":1,"minecraft:oak_log":11,"minecraft:bone":1,"minecraft:wheat_seeds":8,"minecraft:beef":2,"minecraft:gray_wool":1,"minecraft:light_gray_wool":1,"born_in_chaos_v1:corpse_maggot":9,"minecraft:acacia_sapling":1,"minecraft:mutton":11,"minecraft:gray_bed":3,"minecraft:coal":23,"minecraft:white_wool":5,"minecraft:cobblestone":29,"minecraft:egg":3}},"DataVersion":3465}