{"stats":{"minecraft:killed":{"minecraft:chicken":2,"minecraft:cow":1},"minecraft:used":{"minecraft:wooden_axe":15,"minecraft:wooden_pickaxe":41,"minecraft:wooden_sword":3,"minecraft:cobblestone":15,"minecraft:crafting_table":2},"minecraft:mined":{"minecraft:magma_block":4,"minecraft:acacia_leaves":2,"minecraft:gray_bed":1,"minecraft:grass":13,"minecraft:acacia_log":5,"minecraft:spruce_fence":1,"minecraft:coal_ore":7,"minecraft:oak_log":16,"minecraft:gravel":1,"minecraft:tall_grass":4,"minecraft:stone":27,"minecraft:fern":2},"minecraft:crafted":{"minecraft:wooden_sword":1,"minecraft:oak_planks":6,"minecraft:wooden_shovel":1,"minecraft:acacia_wood":3,"minecraft:crafting_table":2,"minecraft:stick":8,"minecraft:wooden_pickaxe":1,"minecraft:wooden_axe":1,"minecraft:acacia_planks":14},"minecraft:custom":{"minecraft:time_since_rest":9062,"minecraft:sprint_one_cm":167,"minecraft:damage_taken":220,"minecraft:walk_one_cm":86736,"minecraft:mob_kills":3,"minecraft:damage_dealt":180,"minecraft:interact_with_crafting_table":2,"minecraft:fly_one_cm":26,"minecraft:open_chest":4,"minecraft:play_time":14378,"minecraft:walk_under_water_one_cm":7390,"minecraft:jump":68,"minecraft:walk_on_water_one_cm":4116,"minecraft:time_since_death":14378,"minecraft:sleep_in_bed":1,"minecraft:total_world_time":14378,"minecraft:fall_one_cm":2805},"minecraft:picked_up":{"minecraft:stick":2,"minecraft:magma_block":4,"minecraft:feather":3,"minecraft:chicken":2,"minecraft:acacia_log":5,"minecraft:spruce_fence":1,"minecraft:flint":1,"minecraft:oak_log":11,"minecraft:wheat_seeds":2,"minecraft:beef":2,"minecraft:gray_bed":1,"minecraft:acacia_sapling":1,"minecraft:coal":7,"minecraft:cobblestone":27}},"DataVersion":3465}