{"stats":{"minecraft:broken":{"minecraft:wooden_shovel":1,"minecraft:wooden_sword":1},"minecraft:mined":{"minecraft:cut_sandstone":8,"minecraft:candle":1,"minecraft:mossy_stone_brick_slab":2,"minecraft:crimson_nylium":2,"minecraft:stone_brick_slab":4,"minecraft:jungle_leaves":6,"minecraft:orange_terracotta":3,"vampirism:tent_main":1,"minecraft:smooth_sandstone":2,"minecraft:torch":4,"minecraft:potted_dead_bush":2,"minecraft:red_sand":3,"minecraft:grass_block":1,"minecraft:spruce_fence":1,"minecraft:melon":2,"minecraft:chest":3,"minecraft:crimson_roots":1,"minecraft:dead_bush":2,"born_in_chaos_v1:gnawed_bones":1,"minecraft:blue_bed":2,"minecraft:spawner":1,"minecraft:hay_block":26,"minecraft:skeleton_skull":1,"minecraft:seagrass":1,"minecraft:cactus":5,"minecraft:magma_block":17,"minecraft:blue_terracotta":1,"minecraft:chiseled_sandstone":2,"minecraft:spruce_log":38,"minecraft:stripped_spruce_log":1,"minecraft:stone_brick_stairs":1,"minecraft:cocoa":1,"minecraft:vine":4,"minecraft:beetroots":4,"minecraft:dirt":2,"minecraft:sand":98,"minecraft:cracked_stone_bricks":7,"minecraft:stone_bricks":5,"minecraft:polished_andesite":12,"minecraft:netherrack":4,"minecraft:mossy_stone_bricks":1,"minecraft:fern":1,"minecraft:white_wool":5,"minecraft:oak_leaves":6},"minecraft:custom":{"minecraft:interact_with_cartography_table":1,"minecraft:interact_with_crafting_table":10,"minecraft:time_since_death":33004,"minecraft:sleep_in_bed":3,"minecraft:climb_one_cm":3901,"minecraft:time_since_rest":3671,"minecraft:sprint_one_cm":2060,"minecraft:damage_taken":2120,"minecraft:walk_one_cm":717606,"minecraft:drop":24,"minecraft:damage_dealt":167,"minecraft:fly_one_cm":2837,"minecraft:open_chest":6,"minecraft:crouch_one_cm":6,"minecraft:play_time":96479,"minecraft:deaths":6,"minecraft:sneak_time":15,"minecraft:walk_under_water_one_cm":19111,"minecraft:boat_one_cm":183330,"minecraft:jump":1218,"minecraft:walk_on_water_one_cm":65649,"minecraft:total_world_time":96479,"minecraft:fall_one_cm":17104},"minecraft:killed_by":{"born_in_chaos_v1:nightmare_stalker":1,"minecraft:creeper":1,"born_in_chaos_v1:dread_hound_not_despawn":1,"born_in_chaos_v1:corpse_fly":1,"vampirism:vampire":1,"born_in_chaos_v1:dread_hound":1},"minecraft:picked_up":{"minecraft:wooden_axe":1,"minecraft:magma_block":16,"minecraft:wheat":1,"vampirism:item_tent":2,"born_in_chaos_v1:monster_flesh":1,"minecraft:cut_sandstone":21,"minecraft:wooden_pickaxe":2,"minecraft:dirt":3,"minecraft:blue_bed":3,"born_in_chaos_v1:monster_skin":2,"minecraft:smooth_sandstone":2,"minecraft:apple":1,"minecraft:red_sand":6,"minecraft:spruce_planks":26,"minecraft:iron_ingot":15,"born_in_chaos_v1:gnawed_bones":2,"minecraft:melon_slice":9,"minecraft:sugar_cane":3,"minecraft:chest":3,"minecraft:stick":5,"minecraft:torch":2,"minecraft:spruce_fence":2,"minecraft:sand":79,"minecraft:stripped_spruce_log":1,"minecraft:spruce_log":33,"born_in_chaos_v1:black_argillite_brick_stairs":2,"minecraft:chiseled_sandstone":2,"minecraft:stone_sword":1,"minecraft:cactus":5,"born_in_chaos_v1:pile_of_skulls":1,"minecraft:beetroot_seeds":4,"minecraft:hay_block":25,"minecraft:netherrack":12,"vampirism:hunter_axe_normal":1,"minecraft:white_wool":4,"minecraft:coal":2,"minecraft:skeleton_skull":1,"minecraft:crimson_roots":4},"minecraft:dropped":{"minecraft:bread":5,"born_in_chaos_v1:black_argillite_brick_stairs":1,"vampirism:item_tent":1,"minecraft:spruce_fence":1,"minecraft:coal":1,"minecraft:stick":6,"minecraft:spruce_boat":1,"born_in_chaos_v1:monster_skin":1,"minecraft:spruce_planks":26,"tombstone:grave_key":1,"minecraft:wooden_axe":1,"minecraft:crimson_roots":2,"minecraft:cut_sandstone":14,"minecraft:red_sand":3,"minecraft:wooden_pickaxe":2,"minecraft:magma_block":14,"minecraft:smooth_sandstone":2,"minecraft:white_wool":4,"minecraft:netherrack":6},"minecraft:crafted":{"minecraft:wooden_sword":1,"minecraft:wooden_shovel":1,"minecraft:crafting_table":3,"minecraft:spruce_planks":84,"minecraft:iron_helmet":1,"minecraft:wooden_pickaxe":1,"minecraft:iron_sword":1,"minecraft:bread":12,"minecraft:stick":12,"minecraft:iron_pickaxe":1,"minecraft:iron_shovel":1,"minecraft:spruce_boat":3,"minecraft:wheat":59},"minecraft:used":{"minecraft:spruce_planks":5,"minecraft:wooden_pickaxe":50,"minecraft:blue_bed":2,"minecraft:wooden_shovel":59,"minecraft:dirt":3,"minecraft:sand":33,"minecraft:crafting_table":3,"minecraft:spruce_log":1,"minecraft:spruce_boat":2,"minecraft:wooden_axe":37,"minecraft:apple":1,"minecraft:iron_pickaxe":36,"minecraft:bread":5,"minecraft:wooden_sword":34,"minecraft:magma_block":2}},"DataVersion":3465}