{"stats":{"minecraft:broken":{"minecraft:stone_pickaxe":1,"minecraft:wooden_shovel":2,"minecraft:wooden_pickaxe":1},"minecraft:dropped":{"minecraft:wooden_sword":1,"minecraft:wooden_pickaxe":1},"minecraft:killed":{"minecraft:pig":3,"born_in_chaos_v1:decrepit_skeleton":1,"minecraft:sheep":7,"minecraft:zombie":1,"minecraft:chicken":2,"minecraft:cow":1},"minecraft:used":{"minecraft:stone_pickaxe":132,"minecraft:oak_planks":24,"minecraft:wooden_pickaxe":72,"minecraft:wooden_shovel":122,"minecraft:torch":8,"minecraft:mutton":1,"minecraft:crafting_table":4,"minecraft:wooden_axe":40,"minecraft:chicken":1,"minecraft:wooden_sword":84,"minecraft:cobblestone":27,"minecraft:porkchop":6,"minecraft:gray_bed":3},"minecraft:mined":{"minecraft:acacia_leaves":3,"minecraft:granite":6,"minecraft:acacia_log":25,"minecraft:grass_block":1,"minecraft:spruce_fence":1,"minecraft:dead_bush":1,"minecraft:stone_slab":4,"minecraft:tall_grass":12,"minecraft:cobblestone":6,"minecraft:chiseled_stone_bricks":3,"minecraft:magma_block":4,"minecraft:iron_ore":5,"minecraft:fire":1,"minecraft:gray_bed":4,"minecraft:grass":43,"minecraft:oak_log":16,"minecraft:coal_ore":23,"minecraft:dirt":3,"minecraft:gravel":1,"minecraft:sand":244,"minecraft:stone":141,"minecraft:fern":3},"minecraft:custom":{"minecraft:mob_kills":16,"minecraft:interact_with_crafting_table":13,"minecraft:leave_game":2,"minecraft:time_since_death":22347,"minecraft:sleep_in_bed":4,"minecraft:climb_one_cm":140,"minecraft:time_since_rest":7479,"minecraft:sprint_one_cm":764,"minecraft:damage_taken":549,"minecraft:walk_one_cm":395477,"minecraft:drop":2,"minecraft:damage_dealt":1304,"minecraft:fly_one_cm":1679,"minecraft:open_chest":5,"minecraft:crouch_one_cm":737,"minecraft:play_time":65010,"tombstone:undead_killed":2,"minecraft:deaths":1,"minecraft:sneak_time":153,"minecraft:walk_under_water_one_cm":7390,"minecraft:jump":548,"minecraft:walk_on_water_one_cm":4184,"minecraft:total_world_time":65010,"minecraft:fall_one_cm":6938},"minecraft:crafted":{"minecraft:wooden_sword":1,"minecraft:oak_planks":40,"minecraft:wooden_shovel":2,"minecraft:acacia_wood":3,"minecraft:crafting_table":4,"minecraft:wooden_pickaxe":3,"minecraft:stick":36,"minecraft:stone_pickaxe":1,"minecraft:wooden_axe":1,"minecraft:stone_sword":1,"minecraft:acacia_planks":72,"minecraft:torch":32},"minecraft:killed_by":{"born_in_chaos_v1:scarlet_persecutor":1},"minecraft:picked_up":{"born_in_chaos_v1:corpse_maggot":9,"minecraft:magma_block":4,"minecraft:iron_chestplate":1,"minecraft:feather":3,"minecraft:chicken":2,"minecraft:stone_slab":3,"minecraft:flint":1,"minecraft:oak_log":11,"minecraft:dirt":4,"minecraft:wooden_sword":1,"minecraft:bone":1,"minecraft:wheat_seeds":9,"minecraft:beef":2,"minecraft:light_gray_wool":1,"minecraft:gray_bed":4,"minecraft:acacia_sapling":4,"minecraft:egg":3,"minecraft:stick":5,"minecraft:raw_iron":5,"minecraft:chiseled_stone_bricks":3,"minecraft:torch":1,"minecraft:acacia_log":24,"minecraft:spruce_fence":1,"minecraft:porkchop":7,"minecraft:sand":239,"minecraft:granite":5,"minecraft:gray_wool":1,"minecraft:mutton":11,"minecraft:coal":23,"minecraft:white_wool":5,"minecraft:cobblestone":145}},"DataVersion":3465}