{"stats":{"minecraft:broken":{"minecraft:wooden_shovel":1},"minecraft:mined":{"minecraft:cactus":5,"minecraft:magma_block":17,"minecraft:crimson_nylium":2,"minecraft:spruce_log":38,"vampirism:tent_main":1,"minecraft:stripped_spruce_log":1,"minecraft:red_sand":3,"minecraft:spruce_fence":1,"minecraft:chest":2,"minecraft:crimson_roots":1,"minecraft:dead_bush":1,"minecraft:sand":60,"minecraft:netherrack":4,"minecraft:white_wool":5,"minecraft:blue_bed":1},"minecraft:custom":{"minecraft:time_since_rest":1,"minecraft:sprint_one_cm":15,"minecraft:damage_taken":575,"minecraft:walk_one_cm":225293,"minecraft:damage_dealt":99,"minecraft:interact_with_crafting_table":3,"minecraft:fly_one_cm":1336,"minecraft:open_chest":4,"minecraft:crouch_one_cm":6,"minecraft:play_time":30479,"minecraft:deaths":2,"minecraft:sneak_time":15,"minecraft:walk_under_water_one_cm":3596,"minecraft:boat_one_cm":35505,"minecraft:jump":309,"minecraft:walk_on_water_one_cm":12657,"minecraft:time_since_death":1976,"minecraft:sleep_in_bed":1,"minecraft:total_world_time":30479,"minecraft:fall_one_cm":3068},"minecraft:killed_by":{"born_in_chaos_v1:corpse_fly":1,"born_in_chaos_v1:dread_hound":1},"minecraft:picked_up":{"minecraft:wooden_axe":1,"minecraft:stick":2,"minecraft:magma_block":16,"vampirism:item_tent":1,"minecraft:spruce_fence":1,"minecraft:sand":47,"born_in_chaos_v1:black_argillite_brick_stairs":1,"minecraft:stripped_spruce_log":1,"minecraft:spruce_log":33,"minecraft:blue_bed":2,"minecraft:cactus":5,"minecraft:apple":1,"minecraft:red_sand":3,"minecraft:netherrack":6,"minecraft:chest":2,"minecraft:coal":1,"minecraft:crimson_roots":2,"minecraft:white_wool":4},"minecraft:crafted":{"minecraft:wooden_sword":1,"minecraft:wooden_shovel":1,"minecraft:crafting_table":2,"minecraft:spruce_planks":84,"minecraft:stick":4,"minecraft:wooden_pickaxe":1,"minecraft:spruce_boat":1},"minecraft:used":{"minecraft:spruce_boat":1,"minecraft:wooden_axe":37,"minecraft:apple":1,"minecraft:spruce_planks":5,"minecraft:wooden_pickaxe":24,"minecraft:blue_bed":1,"minecraft:wooden_shovel":59,"minecraft:wooden_sword":14,"minecraft:crafting_table":2,"minecraft:spruce_log":1}},"DataVersion":3465}