{"stats":{"minecraft:dropped":{"minecraft:bread":6,"minecraft:iron_sword":1,"born_in_chaos_v1:pile_of_skulls":1,"minecraft:wheat_seeds":1,"minecraft:mossy_cobblestone":18,"minecraft:cobblestone":9,"evilcraft:dark_gem":15,"minecraft:granite":3,"vampirism:item_tent":4,"minecraft:coal":42,"minecraft:stick":15,"born_in_chaos_v1:monster_flesh":1,"minecraft:dirt":77,"born_in_chaos_v1:gnawed_bones":6,"minecraft:diorite":13,"tombstone:magic_scroll":1,"born_in_chaos_v1:monster_skin":1,"tombstone:grave_key":1,"minecraft:wooden_axe":4,"minecraft:crimson_roots":6,"minecraft:cut_sandstone":21,"minecraft:oak_stairs":19,"minecraft:sand":90,"minecraft:iron_pickaxe":2,"minecraft:cactus":10,"minecraft:iron_shovel":1,"minecraft:smooth_sandstone":2,"minecraft:white_wool":4,"minecraft:bucket":1,"vampirism:garlic_bread":3,"minecraft:chiseled_sandstone":2,"minecraft:bone":6,"born_in_chaos_v1:black_argillite_brick_stairs":2,"minecraft:sugar_cane":3,"minecraft:raw_copper":27,"minecraft:tuff":1,"tombstone:gift":4,"minecraft:pointed_dripstone":6,"minecraft:rotten_flesh":18,"minecraft:spruce_fence":4,"evilcraft:flesh_humanoid":6,"minecraft:spruce_boat":1,"minecraft:spruce_planks":67,"minecraft:red_sand":6,"minecraft:stone_pickaxe":1,"minecraft:wooden_pickaxe":5,"minecraft:magma_block":14,"minecraft:stone_brick_stairs":6,"minecraft:netherrack":6},"minecraft:killed":{"born_in_chaos_v1:zombie_clown":1,"vampirism:vampire":1,"born_in_chaos_v1:zombie_lumberjack":1,"born_in_chaos_v1:siamese_skeletonsright":1,"minecraft:silverfish":1,"minecraft:pig":1,"born_in_chaos_v1:decrepit_skeleton":3,"minecraft:zombie":1,"born_in_chaos_v1:corpse_fly":1,"born_in_chaos_v1:dark_vortex":1,"born_in_chaos_v1:door_knight":1,"born_in_chaos_v1:siamese_skeletonsleft":1},"minecraft:used":{"minecraft:stone_sword":8,"minecraft:iron_shovel":509,"minecraft:stone_shovel":67,"minecraft:chest":6,"minecraft:spruce_planks":19,"minecraft:iron_sword":29,"minecraft:wooden_shovel":59,"minecraft:rotten_flesh":1,"minecraft:oak_door":1,"minecraft:torch":43,"minecraft:dirt":209,"minecraft:tuff":2,"minecraft:spruce_boat":2,"minecraft:glass":96,"minecraft:wooden_axe":37,"minecraft:lava_bucket":11,"minecraft:iron_axe":118,"minecraft:oak_stairs":29,"minecraft:magma_block":2,"minecraft:furnace":2,"minecraft:skeleton_skull":1,"minecraft:potato":2,"minecraft:cobbled_deepslate":20,"minecraft:stone_pickaxe":409,"minecraft:oak_planks":123,"minecraft:wooden_pickaxe":50,"minecraft:blue_bed":9,"minecraft:sand":38,"minecraft:crafting_table":14,"minecraft:white_bed":1,"minecraft:spruce_log":1,"minecraft:apple":1,"minecraft:bread":21,"minecraft:melon_slice":9,"minecraft:iron_pickaxe":502,"minecraft:diamond_sword":157,"minecraft:wooden_sword":34,"minecraft:cobblestone":724,"minecraft:andesite":12,"minecraft:bucket":11},"minecraft:broken":{"minecraft:iron_shovel":2,"minecraft:wooden_shovel":1,"minecraft:stone_pickaxe":1,"minecraft:wooden_sword":1,"minecraft:iron_pickaxe":2,"minecraft:iron_helmet":1},"minecraft:mined":{"minecraft:tuff":2,"minecraft:spruce_planks":11,"minecraft:white_bed":1,"minecraft:deepslate_diamond_ore":2,"minecraft:mossy_cobblestone":19,"minecraft:candle":1,"minecraft:mossy_stone_brick_slab":2,"minecraft:sculk_vein":3,"minecraft:jungle_leaves":6,"born_in_chaos_v1:infected_diamond_ore":1,"minecraft:glow_lichen":1,"minecraft:potted_dead_bush":3,"minecraft:granite":3,"minecraft:red_sand":3,"minecraft:grass_block":321,"minecraft:spruce_fence":1,"minecraft:crimson_roots":1,"born_in_chaos_v1:gnawed_bones":1,"minecraft:spawner":3,"minecraft:hay_block":26,"minecraft:magma_block":17,"minecraft:iron_ore":25,"minecraft:fire":3,"minecraft:cobbled_deepslate":20,"minecraft:chiseled_sandstone":2,"minecraft:andesite":20,"minecraft:stripped_spruce_log":1,"evilcraft:dark_ore":8,"minecraft:mossy_stone_brick_stairs":1,"minecraft:skeleton_wall_skull":1,"minecraft:pointed_dripstone":3,"minecraft:vine":4,"minecraft:oak_stairs":2,"minecraft:stone":282,"minecraft:white_wool":5,"minecraft:cut_sandstone":8,"minecraft:crimson_nylium":2,"minecraft:orange_terracotta":3,"minecraft:stone_brick_slab":4,"minecraft:dandelion":2,"vampirism:tent_main":1,"minecraft:smooth_sandstone":2,"minecraft:crafting_table":3,"minecraft:torch":7,"minecraft:melon":2,"minecraft:chest":4,"minecraft:dead_bush":2,"minecraft:copper_ore":8,"minecraft:glass":4,"minecraft:tall_grass":2,"minecraft:cobblestone":262,"minecraft:lapis_ore":6,"minecraft:oak_planks":5,"minecraft:sculk":6,"minecraft:blue_bed":7,"minecraft:diorite":14,"minecraft:wall_torch":6,"minecraft:skeleton_skull":1,"minecraft:seagrass":1,"minecraft:cactus":5,"minecraft:blue_terracotta":1,"minecraft:lilac":1,"minecraft:spruce_log":38,"minecraft:birch_leaves":1,"minecraft:stone_brick_stairs":5,"minecraft:grass":39,"minecraft:coal_ore":84,"minecraft:oak_log":96,"minecraft:beetroots":4,"minecraft:cocoa":1,"minecraft:dirt":207,"minecraft:sand":260,"minecraft:cracked_stone_bricks":14,"minecraft:stone_bricks":13,"minecraft:polished_andesite":29,"minecraft:netherrack":4,"minecraft:gold_ore":6,"minecraft:mossy_stone_bricks":3,"minecraft:deepslate":14,"minecraft:oak_leaves":48,"minecraft:fern":1,"minecraft:infested_stone":1},"minecraft:picked_up":{"minecraft:wooden_axe":4,"minecraft:crafting_table":4,"born_in_chaos_v1:diamond_termite_shard":1,"minecraft:wheat":1,"minecraft:wooden_pickaxe":4,"minecraft:oak_stairs":4,"minecraft:stone_brick_stairs":6,"minecraft:raw_copper":27,"minecraft:iron_shovel":1,"minecraft:cracked_stone_bricks":8,"minecraft:red_sand":6,"minecraft:cobbled_deepslate":38,"minecraft:spruce_planks":46,"born_in_chaos_v1:gnawed_bones":6,"minecraft:poppy":2,"minecraft:iron_pickaxe":2,"minecraft:melon_slice":9,"minecraft:sugar_cane":6,"minecraft:chest":4,"minecraft:furnace":1,"minecraft:stick":11,"minecraft:raw_iron":26,"minecraft:torch":22,"minecraft:porkchop":2,"minecraft:spruce_fence":5,"minecraft:pointed_dripstone":6,"minecraft:diorite":14,"born_in_chaos_v1:black_argillite_brick_stairs":2,"minecraft:stone_sword":1,"minecraft:cactus":10,"minecraft:rotten_flesh":19,"minecraft:beetroot_seeds":4,"minecraft:hay_block":25,"minecraft:skeleton_skull":2,"minecraft:white_wool":4,"minecraft:cobblestone":841,"minecraft:magma_block":16,"vampirism:item_tent":4,"born_in_chaos_v1:monster_flesh":2,"minecraft:andesite":15,"minecraft:cut_sandstone":21,"minecraft:tuff":4,"minecraft:oak_log":111,"evilcraft:flesh_humanoid":4,"minecraft:lapis_lazuli":49,"minecraft:dirt":384,"minecraft:blue_bed":9,"tombstone:gift":3,"born_in_chaos_v1:monster_skin":2,"minecraft:smooth_sandstone":2,"minecraft:glass":31,"minecraft:bone":9,"minecraft:apple":1,"minecraft:stone_bricks":9,"minecraft:wheat_seeds":1,"minecraft:raw_gold":6,"minecraft:iron_ingot":23,"minecraft:iron_sword":1,"minecraft:oak_planks":7,"minecraft:chiseled_stone_bricks":1,"minecraft:lava_bucket":1,"minecraft:sand":270,"minecraft:stripped_spruce_log":1,"minecraft:white_bed":1,"minecraft:spruce_log":33,"minecraft:chiseled_sandstone":2,"minecraft:mossy_cobblestone":18,"minecraft:polished_andesite":18,"minecraft:diamond":2,"born_in_chaos_v1:pile_of_skulls":1,"evilcraft:dark_gem":30,"minecraft:granite":3,"minecraft:bread":31,"tombstone:magic_scroll":1,"minecraft:netherrack":12,"vampirism:hunter_axe_normal":1,"minecraft:coal":86,"minecraft:crimson_roots":8},"minecraft:crafted":{"minecraft:wooden_sword":1,"minecraft:oak_door":3,"minecraft:oak_planks":282,"minecraft:stone_shovel":1,"minecraft:furnace":2,"vampirism:crossbow_arrow_normal":6,"minecraft:glass":100,"minecraft:iron_boots":1,"minecraft:iron_axe":1,"minecraft:stone_pickaxe":4,"minecraft:chest":6,"minecraft:spruce_boat":3,"minecraft:wheat":59,"minecraft:wooden_shovel":1,"minecraft:diamond_sword":1,"minecraft:crafting_table":10,"minecraft:spruce_planks":132,"minecraft:iron_helmet":1,"minecraft:wooden_pickaxe":1,"minecraft:iron_sword":1,"minecraft:bread":18,"minecraft:iron_chestplate":1,"minecraft:stick":60,"minecraft:iron_ingot":29,"minecraft:iron_pickaxe":2,"minecraft:oak_stairs":44,"minecraft:iron_shovel":2,"minecraft:iron_leggings":1,"minecraft:torch":54},"minecraft:killed_by":{"vampirism:advanced_vampire":2,"minecraft:player":1,"born_in_chaos_v1:nightmare_stalker":1,"minecraft:creeper":3,"born_in_chaos_v1:corpse_fly":1,"minecraft:drowned":1,"minecraft:skeleton":1,"minecraft:zombie":3,"born_in_chaos_v1:dread_hound_not_despawn":1,"born_in_chaos_v1:door_knight":1,"vampirism:vampire":5,"born_in_chaos_v1:dread_hound":1},"minecraft:custom":{"minecraft:mob_kills":15,"minecraft:interact_with_crafting_table":70,"minecraft:damage_dealt_resisted":469,"minecraft:leave_game":2,"minecraft:time_since_death":32255,"minecraft:climb_one_cm":3901,"minecraft:sprint_one_cm":3723,"minecraft:walk_one_cm":1987622,"minecraft:drop":105,"minecraft:play_time":358937,"minecraft:deaths":29,"minecraft:sneak_time":15,"minecraft:walk_under_water_one_cm":28317,"minecraft:boat_one_cm":183330,"minecraft:jump":3381,"minecraft:walk_on_water_one_cm":120459,"minecraft:total_world_time":358937,"minecraft:interact_with_furnace":29,"minecraft:interact_with_cartography_table":1,"minecraft:sleep_in_bed":18,"minecraft:time_since_rest":1083,"minecraft:damage_taken":10804,"minecraft:damage_dealt":3396,"minecraft:fly_one_cm":7045,"minecraft:open_chest":46,"minecraft:crouch_one_cm":6,"tombstone:undead_killed":9,"minecraft:fall_one_cm":67977}},"DataVersion":3465}