{"stats":{"minecraft:mined":{"minecraft:red_sand":2,"minecraft:spruce_log":15},"minecraft:custom":{"minecraft:jump":89,"minecraft:time_since_rest":6479,"minecraft:damage_taken":150,"minecraft:crouch_one_cm":6,"minecraft:sprint_one_cm":15,"minecraft:play_time":6479,"minecraft:walk_on_water_one_cm":6242,"minecraft:time_since_death":6479,"minecraft:walk_one_cm":49129,"minecraft:sneak_time":15,"minecraft:total_world_time":6479,"minecraft:walk_under_water_one_cm":3596,"minecraft:fall_one_cm":1540},"minecraft:picked_up":{"minecraft:spruce_log":13,"minecraft:red_sand":2,"minecraft:wooden_axe":1},"minecraft:used":{"minecraft:wooden_axe":10,"minecraft:spruce_log":1}},"DataVersion":3465}