{"stats":{"minecraft:broken":{"minecraft:wooden_shovel":1,"minecraft:stone_pickaxe":1,"minecraft:wooden_sword":1,"minecraft:iron_pickaxe":1},"minecraft:mined":{"minecraft:white_bed":1,"minecraft:mossy_cobblestone":19,"minecraft:deepslate_diamond_ore":2,"minecraft:candle":1,"minecraft:mossy_stone_brick_slab":2,"minecraft:sculk_vein":3,"minecraft:jungle_leaves":6,"born_in_chaos_v1:infected_diamond_ore":1,"minecraft:glow_lichen":1,"minecraft:granite":3,"minecraft:potted_dead_bush":3,"minecraft:red_sand":3,"minecraft:grass_block":99,"minecraft:spruce_fence":1,"minecraft:crimson_roots":1,"born_in_chaos_v1:gnawed_bones":1,"minecraft:spawner":3,"minecraft:hay_block":26,"minecraft:magma_block":17,"minecraft:iron_ore":25,"minecraft:chiseled_sandstone":2,"minecraft:andesite":16,"minecraft:stripped_spruce_log":1,"evilcraft:dark_ore":8,"minecraft:mossy_stone_brick_stairs":1,"minecraft:pointed_dripstone":3,"minecraft:vine":4,"minecraft:stone":282,"minecraft:white_wool":5,"minecraft:cut_sandstone":8,"minecraft:crimson_nylium":2,"minecraft:orange_terracotta":3,"minecraft:stone_brick_slab":4,"minecraft:dandelion":2,"vampirism:tent_main":1,"minecraft:crafting_table":1,"minecraft:smooth_sandstone":2,"minecraft:torch":7,"minecraft:melon":2,"minecraft:chest":3,"minecraft:dead_bush":2,"minecraft:tall_grass":2,"minecraft:copper_ore":8,"minecraft:cobblestone":5,"minecraft:lapis_ore":6,"minecraft:sculk":6,"minecraft:diorite":14,"minecraft:wall_torch":4,"minecraft:blue_bed":4,"minecraft:skeleton_skull":1,"minecraft:seagrass":1,"minecraft:cactus":5,"minecraft:blue_terracotta":1,"minecraft:spruce_log":38,"minecraft:birch_leaves":1,"minecraft:stone_brick_stairs":5,"minecraft:grass":26,"minecraft:coal_ore":84,"minecraft:beetroots":4,"minecraft:cocoa":1,"minecraft:sand":99,"minecraft:dirt":19,"minecraft:cracked_stone_bricks":14,"minecraft:polished_andesite":29,"minecraft:stone_bricks":13,"minecraft:netherrack":4,"minecraft:gold_ore":6,"minecraft:mossy_stone_bricks":3,"minecraft:deepslate":14,"minecraft:oak_leaves":26,"minecraft:infested_stone":1,"minecraft:fern":1},"minecraft:custom":{"minecraft:mob_kills":11,"minecraft:interact_with_crafting_table":44,"minecraft:damage_dealt_resisted":469,"minecraft:time_since_death":4584,"minecraft:climb_one_cm":3901,"minecraft:sprint_one_cm":2211,"minecraft:walk_one_cm":1314896,"minecraft:drop":89,"minecraft:play_time":216479,"minecraft:deaths":18,"minecraft:sneak_time":15,"minecraft:walk_under_water_one_cm":27426,"minecraft:boat_one_cm":183330,"minecraft:jump":2296,"minecraft:walk_on_water_one_cm":110816,"minecraft:total_world_time":216479,"minecraft:interact_with_furnace":11,"minecraft:interact_with_cartography_table":1,"minecraft:sleep_in_bed":8,"minecraft:time_since_rest":3992,"minecraft:damage_taken":5974,"minecraft:damage_dealt":1799,"minecraft:fly_one_cm":5656,"minecraft:open_chest":19,"minecraft:crouch_one_cm":6,"tombstone:undead_killed":7,"minecraft:fall_one_cm":39705},"minecraft:killed_by":{"vampirism:advanced_vampire":2,"minecraft:player":1,"born_in_chaos_v1:nightmare_stalker":1,"minecraft:creeper":3,"born_in_chaos_v1:corpse_fly":1,"minecraft:drowned":1,"minecraft:skeleton":1,"minecraft:zombie":1,"born_in_chaos_v1:dread_hound_not_despawn":1,"vampirism:vampire":2,"born_in_chaos_v1:dread_hound":1},"minecraft:killed":{"born_in_chaos_v1:zombie_clown":1,"born_in_chaos_v1:zombie_lumberjack":1,"born_in_chaos_v1:siamese_skeletonsright":1,"minecraft:silverfish":1,"minecraft:pig":1,"born_in_chaos_v1:decrepit_skeleton":1,"minecraft:zombie":1,"born_in_chaos_v1:corpse_fly":1,"born_in_chaos_v1:dark_vortex":1,"born_in_chaos_v1:door_knight":1,"born_in_chaos_v1:siamese_skeletonsleft":1},"minecraft:picked_up":{"minecraft:wooden_axe":4,"born_in_chaos_v1:diamond_termite_shard":1,"minecraft:crafting_table":2,"minecraft:wheat":1,"minecraft:wooden_pickaxe":4,"minecraft:stone_brick_stairs":6,"minecraft:raw_copper":27,"minecraft:cracked_stone_bricks":8,"minecraft:red_sand":6,"minecraft:cobbled_deepslate":18,"minecraft:spruce_planks":36,"born_in_chaos_v1:gnawed_bones":6,"minecraft:iron_pickaxe":1,"minecraft:melon_slice":9,"minecraft:sugar_cane":6,"minecraft:chest":3,"minecraft:furnace":1,"minecraft:stick":9,"minecraft:raw_iron":26,"minecraft:torch":17,"minecraft:spruce_fence":5,"minecraft:porkchop":2,"minecraft:pointed_dripstone":6,"minecraft:diorite":14,"born_in_chaos_v1:black_argillite_brick_stairs":2,"minecraft:stone_sword":1,"minecraft:cactus":10,"minecraft:rotten_flesh":19,"minecraft:beetroot_seeds":4,"minecraft:hay_block":25,"minecraft:skeleton_skull":1,"minecraft:white_wool":4,"minecraft:cobblestone":246,"minecraft:magma_block":16,"born_in_chaos_v1:monster_flesh":2,"vampirism:item_tent":4,"minecraft:andesite":14,"minecraft:cut_sandstone":21,"minecraft:tuff":1,"evilcraft:flesh_humanoid":4,"minecraft:lapis_lazuli":49,"minecraft:blue_bed":5,"minecraft:dirt":73,"tombstone:gift":3,"born_in_chaos_v1:monster_skin":2,"minecraft:smooth_sandstone":2,"minecraft:apple":1,"minecraft:stone_bricks":9,"minecraft:raw_gold":6,"minecraft:iron_ingot":18,"minecraft:iron_sword":1,"minecraft:chiseled_stone_bricks":1,"minecraft:lava_bucket":1,"minecraft:sand":125,"minecraft:stripped_spruce_log":1,"minecraft:white_bed":1,"minecraft:spruce_log":33,"minecraft:chiseled_sandstone":2,"minecraft:mossy_cobblestone":18,"minecraft:polished_andesite":18,"minecraft:diamond":2,"born_in_chaos_v1:pile_of_skulls":1,"evilcraft:dark_gem":30,"minecraft:granite":3,"minecraft:bread":31,"tombstone:magic_scroll":1,"minecraft:netherrack":12,"vampirism:hunter_axe_normal":1,"minecraft:coal":86,"minecraft:crimson_roots":8},"minecraft:dropped":{"minecraft:bread":6,"minecraft:iron_sword":1,"born_in_chaos_v1:pile_of_skulls":1,"minecraft:mossy_cobblestone":18,"evilcraft:dark_gem":15,"minecraft:granite":3,"vampirism:item_tent":4,"minecraft:coal":42,"minecraft:stick":13,"born_in_chaos_v1:monster_flesh":1,"minecraft:dirt":4,"born_in_chaos_v1:gnawed_bones":6,"minecraft:diorite":13,"tombstone:magic_scroll":1,"born_in_chaos_v1:monster_skin":1,"tombstone:grave_key":1,"minecraft:crimson_roots":6,"minecraft:wooden_axe":4,"minecraft:cut_sandstone":21,"minecraft:sand":90,"minecraft:iron_pickaxe":1,"minecraft:cactus":10,"minecraft:smooth_sandstone":2,"minecraft:bucket":1,"minecraft:white_wool":4,"vampirism:garlic_bread":3,"minecraft:chiseled_sandstone":2,"born_in_chaos_v1:black_argillite_brick_stairs":2,"minecraft:sugar_cane":3,"minecraft:raw_copper":27,"tombstone:gift":4,"minecraft:pointed_dripstone":6,"minecraft:rotten_flesh":11,"minecraft:spruce_fence":4,"evilcraft:flesh_humanoid":6,"minecraft:spruce_boat":1,"minecraft:spruce_planks":66,"minecraft:red_sand":6,"minecraft:stone_pickaxe":1,"minecraft:wooden_pickaxe":5,"minecraft:magma_block":14,"minecraft:stone_brick_stairs":3,"minecraft:netherrack":6},"minecraft:crafted":{"minecraft:wooden_sword":1,"minecraft:furnace":1,"minecraft:iron_boots":1,"minecraft:stone_pickaxe":3,"minecraft:spruce_boat":3,"minecraft:wheat":59,"minecraft:wooden_shovel":1,"minecraft:diamond_sword":1,"minecraft:crafting_table":10,"minecraft:spruce_planks":132,"minecraft:wooden_pickaxe":1,"minecraft:iron_helmet":1,"minecraft:iron_sword":1,"minecraft:bread":18,"minecraft:iron_chestplate":1,"minecraft:stick":40,"minecraft:iron_ingot":12,"minecraft:iron_pickaxe":2,"minecraft:iron_shovel":1,"minecraft:torch":18},"minecraft:used":{"minecraft:iron_shovel":100,"minecraft:spruce_planks":5,"minecraft:iron_sword":29,"minecraft:wooden_shovel":59,"minecraft:rotten_flesh":1,"minecraft:torch":26,"minecraft:dirt":6,"minecraft:spruce_boat":2,"minecraft:wooden_axe":37,"minecraft:magma_block":2,"minecraft:furnace":1,"minecraft:potato":2,"minecraft:stone_pickaxe":304,"minecraft:wooden_pickaxe":50,"minecraft:blue_bed":4,"minecraft:sand":34,"minecraft:crafting_table":12,"minecraft:white_bed":1,"minecraft:spruce_log":1,"minecraft:apple":1,"minecraft:bread":12,"minecraft:melon_slice":9,"minecraft:iron_pickaxe":299,"minecraft:diamond_sword":83,"minecraft:wooden_sword":34,"minecraft:cobblestone":51}},"DataVersion":3465}