{"stats":{"minecraft:broken":{"minecraft:stone_pickaxe":4,"minecraft:wooden_sword":1,"minecraft:iron_sword":1,"minecraft:stone_shovel":12},"minecraft:mined":{"minecraft:white_bed":2,"minecraft:jungle_leaves":1,"minecraft:red_sand":1,"minecraft:grass_block":1312,"vampirism:hunter_table":1,"born_in_chaos_v1:gnawed_bones":1,"minecraft:sandstone":11,"born_in_chaos_v1:pile_of_skulls":1,"minecraft:chiseled_stone_bricks":1,"minecraft:spawner":1,"minecraft:furnace":6,"minecraft:iron_ore":28,"minecraft:chiseled_sandstone":1,"minecraft:andesite":8,"evilcraft:dark_ore":6,"minecraft:mossy_stone_brick_stairs":1,"minecraft:vine":1,"minecraft:azalea_leaves":2,"minecraft:bamboo":1,"minecraft:stone":540,"minecraft:cut_sandstone":2,"minecraft:orange_terracotta":1,"minecraft:dandelion":4,"minecraft:crafting_table":4,"minecraft:torch":4,"minecraft:poppy":11,"minecraft:melon":7,"minecraft:dead_bush":2,"minecraft:campfire":2,"minecraft:tall_grass":4,"minecraft:cobblestone":6,"minecraft:lapis_ore":1,"minecraft:sugar_cane":18,"minecraft:sculk":1,"minecraft:blue_bed":12,"minecraft:wall_torch":7,"minecraft:white_terracotta":1,"minecraft:blue_terracotta":1,"minecraft:birch_log":24,"evilcraft:dark_ore_deepslate":9,"minecraft:birch_leaves":1,"minecraft:stone_brick_stairs":1,"minecraft:grass":54,"minecraft:oak_log":12,"minecraft:coal_ore":111,"minecraft:gravel":1,"minecraft:dirt":291,"minecraft:sand":8,"minecraft:terracotta":1,"minecraft:stone_bricks":1,"minecraft:oak_leaves":8,"minecraft:deepslate":7,"minecraft:fern":1},"minecraft:custom":{"minecraft:mob_kills":80,"minecraft:interact_with_crafting_table":52,"minecraft:open_barrel":4,"minecraft:damage_dealt_resisted":1251,"minecraft:leave_game":3,"minecraft:time_since_death":59561,"minecraft:climb_one_cm":7570,"minecraft:sprint_one_cm":888649,"minecraft:walk_one_cm":912957,"minecraft:damage_blocked_by_shield":90,"minecraft:drop":69,"minecraft:damage_dealt_absorbed":40,"minecraft:play_time":291460,"minecraft:deaths":9,"minecraft:sneak_time":1529,"minecraft:walk_under_water_one_cm":13661,"minecraft:boat_one_cm":161550,"minecraft:jump":4164,"minecraft:walk_on_water_one_cm":30376,"minecraft:total_world_time":291460,"minecraft:interact_with_furnace":35,"vampirism:interact_with_research_table":4,"vampirism:interact_with_garlic_diffuser":1,"minecraft:sleep_in_bed":17,"minecraft:time_since_rest":1612,"minecraft:damage_taken":5649,"minecraft:trigger_trapped_chest":5,"minecraft:damage_dealt":15472,"minecraft:swim_one_cm":15692,"minecraft:fly_one_cm":703124,"minecraft:player_kills":1,"minecraft:open_chest":84,"minecraft:crouch_one_cm":2887,"tombstone:undead_killed":34,"minecraft:fall_one_cm":77577},"minecraft:killed_by":{"vampirism:advanced_vampire":3,"born_in_chaos_v1:baby_skeleton_minion":1,"born_in_chaos_v1:corpse_fly":1,"minecraft:zombie":1,"born_in_chaos_v1:dread_hound":1},"minecraft:killed":{"born_in_chaos_v1:zombie_clown":1,"vampirism:vampire":2,"vampirism:advanced_vampire":1,"born_in_chaos_v1:restless_spirit":1,"born_in_chaos_v1:zombie_lumberjack":1,"minecraft:spider":3,"born_in_chaos_v1:thornshell_crab":2,"born_in_chaos_v1:siamese_skeletonsright":1,"born_in_chaos_v1:zombie_bruiser":2,"born_in_chaos_v1:maggot":8,"minecraft:skeleton":2,"born_in_chaos_v1:firelight_not_despawn":3,"minecraft:husk":1,"born_in_chaos_v1:baby_skeleton":2,"minecraft:rabbit":3,"born_in_chaos_v1:dread_hound_not_despawn":2,"born_in_chaos_v1:decrepit_skeleton":1,"minecraft:zombie":22,"born_in_chaos_v1:dread_hound":2,"born_in_chaos_v1:corpse_fly":4,"born_in_chaos_v1:dark_vortex":2,"born_in_chaos_v1:siamese_skeletonsleft":1,"minecraft:enderman":1},"minecraft:picked_up":{"minecraft:charcoal":7,"minecraft:crafting_table":4,"minecraft:wheat":10,"minecraft:wooden_pickaxe":1,"tombstone:grave_key":1,"minecraft:string":5,"born_in_chaos_v1:intoxicating_decoction":1,"minecraft:red_sand":1,"minecraft:cobbled_deepslate":6,"minecraft:spruce_planks":33,"born_in_chaos_v1:gnawed_bones":2,"minecraft:poppy":20,"minecraft:melon_slice":34,"minecraft:sugar_cane":48,"minecraft:iron_boots":1,"minecraft:furnace":6,"minecraft:stick":11,"minecraft:raw_iron":26,"minecraft:sandstone":7,"minecraft:torch":14,"minecraft:spruce_fence":1,"sophisticatedbackpacks:backpack":2,"minecraft:cherry_log":2,"tombstone:grave_dust":6,"minecraft:pointed_dripstone":2,"born_in_chaos_v1:pieceofdarkmetal":2,"minecraft:carrot":2,"vampirism:hunter_table":1,"minecraft:arrow":2,"vampirism:blood_bottle":1,"minecraft:rotten_flesh":55,"minecraft:hay_block":1,"born_in_chaos_v1:spiny_shell":6,"tombstone:essence_of_undeath":1,"minecraft:white_terracotta":1,"minecraft:cobblestone":636,"minecraft:cod":1,"minecraft:white_wool":1,"born_in_chaos_v1:fused_bone":2,"minecraft:birch_log":24,"born_in_chaos_v1:corpse_maggot":8,"minecraft:magma_block":14,"vampirism:item_tent":1,"born_in_chaos_v1:monster_flesh":4,"minecraft:andesite":8,"minecraft:cut_sandstone":3,"evilcraft:flesh_humanoid":6,"minecraft:oak_log":15,"minecraft:gunpowder":9,"minecraft:lapis_lazuli":7,"minecraft:blue_bed":12,"minecraft:dirt":1595,"minecraft:orange_terracotta":1,"born_in_chaos_v1:monster_skin":1,"minecraft:bone":16,"minecraft:stone_bricks":2,"minecraft:wheat_seeds":8,"minecraft:rabbit_hide":1,"minecraft:iron_ingot":30,"minecraft:stone_pickaxe":2,"tombstone:bag_of_seeds":1,"minecraft:rabbit":5,"minecraft:bamboo":24,"minecraft:dandelion":19,"born_in_chaos_v1:ethereal_spirit":4,"minecraft:gravel":2,"born_in_chaos_v1:dark_rod":6,"minecraft:sand":47,"minecraft:white_bed":3,"minecraft:spruce_log":3,"minecraft:spider_eye":2,"minecraft:chiseled_sandstone":1,"minecraft:bundle":1,"minecraft:blue_terracotta":1,"born_in_chaos_v1:fire_dust":3,"minecraft:spruce_boat":1,"evilcraft:dark_gem":87,"minecraft:bread":6,"minecraft:terracotta":1,"minecraft:oak_sapling":8,"minecraft:coal":128,"minecraft:crimson_roots":2},"minecraft:dropped":{"vampirism:item_garlic":1,"minecraft:iron_ingot":15,"minecraft:bread":31,"minecraft:wheat_seeds":2,"minecraft:iron_helmet":1,"minecraft:cobblestone":210,"minecraft:apple":1,"minecraft:coal":3,"minecraft:leather_helmet":1,"born_in_chaos_v1:monster_flesh":2,"tombstone:grave_key":1,"minecraft:crimson_roots":2,"minecraft:wooden_axe":1,"minecraft:blue_bed":1,"minecraft:dandelion":8,"minecraft:bone":8,"minecraft:gravel":1,"minecraft:stone_sword":1,"minecraft:cobbled_deepslate":5,"minecraft:wheat":1,"minecraft:rotten_flesh":47,"minecraft:oak_planks":4,"minecraft:iron_boots":2,"sophisticatedbackpacks:backpack":1,"minecraft:spruce_fence":1,"evilcraft:flesh_humanoid":3,"vampirism:hunter_axe_normal":1,"minecraft:poppy":11,"minecraft:rabbit_hide":1,"minecraft:gunpowder":8,"minecraft:spruce_planks":4,"minecraft:charcoal":3,"born_in_chaos_v1:corpse_maggot":3,"minecraft:spider_eye":2,"minecraft:bamboo":12,"minecraft:stone_bricks":2,"minecraft:stone_pickaxe":1,"minecraft:wooden_pickaxe":2,"minecraft:magma_block":14},"minecraft:crafted":{"minecraft:cherry_planks":8,"minecraft:wooden_sword":1,"securitycraft:mine":3,"minecraft:oak_planks":60,"minecraft:stone_shovel":12,"minecraft:cooked_chicken":2,"minecraft:furnace":1,"minecraft:cooked_mutton":1,"born_in_chaos_v1:spiny_shell_armor_helmet":1,"minecraft:iron_boots":2,"minecraft:stone_pickaxe":8,"minecraft:chest":4,"minecraft:stone_hoe":1,"minecraft:cooked_rabbit":5,"sophisticatedbackpacks:iron_backpack":1,"minecraft:wheat":171,"minecraft:cooked_porkchop":1,"minecraft:crafting_table":6,"minecraft:spruce_planks":12,"minecraft:iron_helmet":1,"minecraft:wooden_pickaxe":1,"minecraft:iron_sword":2,"minecraft:birch_planks":96,"minecraft:stone_axe":1,"minecraft:bread":76,"minecraft:air":0,"securitycraft:dirt_mine":2,"minecraft:iron_chestplate":1,"minecraft:shield":1,"minecraft:stick":52,"minecraft:iron_ingot":23,"minecraft:wooden_axe":2,"minecraft:stone_sword":1,"minecraft:torch":32},"minecraft:used":{"minecraft:blue_terracotta":1,"minecraft:stone_sword":25,"minecraft:red_sand":1,"minecraft:stone_shovel":1603,"minecraft:poppy":7,"minecraft:shield":3,"minecraft:chest":5,"minecraft:spruce_planks":9,"minecraft:white_terracotta":1,"minecraft:iron_sword":290,"minecraft:cooked_chicken":2,"minecraft:torch":36,"minecraft:dirt":313,"born_in_chaos_v1:corpse_maggot":3,"minecraft:spruce_boat":1,"minecraft:wooden_axe":37,"minecraft:iron_boots":1,"evilcraft:flesh_humanoid":1,"securitycraft:dirt_mine":2,"minecraft:oak_sapling":8,"minecraft:furnace":5,"tombstone:gift":9,"minecraft:orange_terracotta":1,"minecraft:cooked_mutton":1,"minecraft:stone_pickaxe":716,"minecraft:wooden_pickaxe":42,"minecraft:sandstone":7,"minecraft:cut_sandstone":2,"minecraft:blue_bed":11,"minecraft:white_wool":1,"minecraft:sand":22,"minecraft:terracotta":1,"minecraft:crafting_table":10,"vampirism:hunter_table":1,"minecraft:white_bed":1,"tombstone:bag_of_seeds":1,"minecraft:apple":1,"minecraft:chiseled_sandstone":1,"born_in_chaos_v1:monster_flesh":1,"minecraft:bread":69,"minecraft:melon_slice":4,"tombstone:grave_key":1,"minecraft:stone_axe":24,"minecraft:wooden_sword":60,"minecraft:cobblestone":8,"minecraft:cooked_porkchop":1,"minecraft:cooked_rabbit":5,"minecraft:andesite":7,"minecraft:dandelion":11}},"DataVersion":3465}