{"stats":{"minecraft:dropped":{"vampirism:item_tent":1,"minecraft:leather_helmet":1,"born_in_chaos_v1:monster_flesh":2,"minecraft:crimson_roots":2,"minecraft:blue_bed":1,"minecraft:bone":8,"minecraft:gravel":1,"minecraft:cobbled_deepslate":5,"minecraft:wheat":1,"minecraft:pointed_dripstone":2,"minecraft:rotten_flesh":55,"minecraft:oak_planks":4,"evilcraft:flesh_humanoid":4,"vampirism:hunter_axe_normal":1,"minecraft:poppy":49,"minecraft:rabbit_hide":1,"minecraft:gunpowder":8,"minecraft:charcoal":3,"born_in_chaos_v1:corpse_maggot":10,"vampirism:item_garlic":1,"minecraft:iron_ingot":15,"minecraft:bread":31,"minecraft:wheat_seeds":4,"minecraft:iron_helmet":1,"minecraft:cobblestone":466,"minecraft:apple":1,"minecraft:coal":3,"minecraft:diorite":3,"tombstone:grave_key":1,"minecraft:wooden_axe":1,"minecraft:dandelion":16,"minecraft:stone_sword":1,"minecraft:iron_boots":2,"sophisticatedbackpacks:backpack":1,"minecraft:spruce_fence":2,"minecraft:bundle":3,"minecraft:spruce_planks":4,"minecraft:oak_sapling":3,"minecraft:stone_bricks":2,"minecraft:spider_eye":2,"minecraft:bamboo":12,"minecraft:stone_pickaxe":1,"minecraft:wooden_pickaxe":2,"minecraft:magma_block":14},"minecraft:broken":{"minecraft:iron_boots":1,"minecraft:stone_pickaxe":5,"minecraft:wooden_sword":1,"minecraft:stone_axe":2,"minecraft:iron_sword":1,"minecraft:stone_shovel":14,"minecraft:shield":1},"minecraft:mined":{"minecraft:dark_oak_planks":5,"minecraft:white_bed":2,"minecraft:jungle_leaves":1,"minecraft:cave_vines_plant":1,"minecraft:red_sand":1,"minecraft:grass_block":1553,"vampirism:hunter_table":1,"born_in_chaos_v1:pile_of_skulls":1,"minecraft:chiseled_stone_bricks":1,"minecraft:spawner":1,"minecraft:iron_ore":46,"vampirism:tent":2,"minecraft:cave_vines":2,"minecraft:azalea_leaves":2,"minecraft:azalea":1,"minecraft:cut_sandstone":2,"minecraft:orange_terracotta":1,"minecraft:torch":9,"minecraft:poppy":53,"minecraft:melon":7,"minecraft:chest":3,"minecraft:dead_bush":2,"minecraft:cobblestone":42,"minecraft:sugar_cane":26,"minecraft:wall_torch":18,"minecraft:white_terracotta":1,"minecraft:blue_terracotta":1,"minecraft:birch_log":151,"evilcraft:dark_ore_deepslate":9,"minecraft:birch_door":2,"minecraft:stone_brick_stairs":1,"minecraft:grass":120,"minecraft:oak_log":12,"minecraft:sand":44,"minecraft:dirt":313,"minecraft:oak_leaves":8,"minecraft:deepslate":7,"minecraft:dark_oak_leaves":41,"minecraft:dark_oak_log":87,"born_in_chaos_v1:infected_diamond_ore":2,"minecraft:birch_slab":1,"minecraft:moss_block":1,"born_in_chaos_v1:gnawed_bones":1,"minecraft:sandstone":11,"minecraft:furnace":7,"minecraft:carrots":62,"minecraft:chiseled_sandstone":1,"minecraft:andesite":8,"evilcraft:dark_ore":14,"minecraft:mossy_stone_brick_stairs":1,"minecraft:vine":1,"minecraft:bamboo":1,"minecraft:stone":563,"minecraft:dandelion":14,"minecraft:crafting_table":5,"minecraft:campfire":2,"minecraft:tall_grass":22,"minecraft:lapis_ore":1,"minecraft:sculk":1,"minecraft:diorite":4,"minecraft:blue_bed":13,"minecraft:birch_planks":28,"minecraft:birch_leaves":6,"minecraft:coal_ore":124,"vampirism:fire_place":1,"minecraft:gravel":1,"minecraft:terracotta":1,"minecraft:stone_bricks":1,"minecraft:fern":1},"minecraft:picked_up":{"minecraft:birch_door":2,"minecraft:wheat":10,"minecraft:enchanted_book":1,"tombstone:grave_key":1,"born_in_chaos_v1:black_argillite":102,"minecraft:string":16,"minecraft:raw_copper":8,"minecraft:red_sand":1,"minecraft:cobbled_deepslate":13,"minecraft:spruce_planks":33,"minecraft:azalea":1,"minecraft:melon_slice":40,"minecraft:furnace":8,"minecraft:iron_boots":1,"minecraft:stick":46,"minecraft:torch":33,"vampirism:vampire_fang":3,"minecraft:cherry_log":2,"minecraft:pointed_dripstone":2,"tombstone:grave_dust":11,"minecraft:diorite":7,"vampirism:hunter_table":1,"vampirism:blood_bottle":3,"minecraft:rotten_flesh":124,"minecraft:white_terracotta":1,"minecraft:cod":2,"minecraft:cobblestone":1024,"minecraft:birch_log":156,"born_in_chaos_v1:staffof_magic_arrows":1,"minecraft:magma_block":14,"born_in_chaos_v1:spiritual_dust":3,"minecraft:birch_slab":2,"minecraft:andesite":54,"evilcraft:flesh_humanoid":8,"minecraft:lapis_lazuli":24,"minecraft:dirt":2555,"tombstone:familiar_receptacle":1,"born_in_chaos_v1:monster_skin":2,"minecraft:bone":30,"minecraft:glass":36,"minecraft:bow":1,"minecraft:wheat_seeds":29,"minecraft:rabbit":5,"minecraft:bamboo":24,"minecraft:moss_block":1,"securitycraft:mine":1,"minecraft:sand":83,"sophisticatedbackpacks:jukebox_upgrade":1,"minecraft:chiseled_sandstone":1,"minecraft:dark_oak_log":87,"minecraft:bundle":5,"minecraft:blue_terracotta":1,"born_in_chaos_v1:fire_dust":3,"minecraft:spruce_boat":1,"minecraft:bone_meal":25,"minecraft:bread":7,"minecraft:oak_sapling":14,"minecraft:crimson_roots":2,"born_in_chaos_v1:diamond_termite_shard":2,"minecraft:charcoal":7,"minecraft:crafting_table":5,"minecraft:wooden_pickaxe":1,"mowziesmobs:glowing_jelly":4,"born_in_chaos_v1:intoxicating_decoction":1,"born_in_chaos_v1:gnawed_bones":2,"minecraft:chest":4,"minecraft:poppy":58,"tombstone:tablet_of_assistance":1,"minecraft:sugar_cane":116,"minecraft:birch_sapling":81,"minecraft:dark_oak_sapling":7,"minecraft:raw_iron":65,"minecraft:sandstone":7,"sophisticatedbackpacks:backpack":2,"minecraft:spruce_fence":1,"born_in_chaos_v1:pieceofdarkmetal":2,"minecraft:carrot":197,"tombstone:scroll_of_purification":1,"minecraft:dark_oak_planks":5,"minecraft:arrow":13,"born_in_chaos_v1:wood_splitter_axe":3,"minecraft:hay_block":1,"born_in_chaos_v1:spiny_shell":6,"tombstone:essence_of_undeath":1,"minecraft:glow_berries":1,"minecraft:white_wool":1,"born_in_chaos_v1:fused_bone":2,"born_in_chaos_v1:corpse_maggot":24,"vampirism:item_tent":5,"born_in_chaos_v1:monster_flesh":6,"minecraft:cut_sandstone":3,"minecraft:birch_planks":27,"minecraft:oak_log":18,"minecraft:gunpowder":11,"minecraft:blue_bed":13,"tombstone:gift":1,"minecraft:orange_terracotta":1,"minecraft:apple":1,"minecraft:stone_bricks":2,"minecraft:rabbit_hide":1,"minecraft:iron_ingot":37,"minecraft:stone_pickaxe":2,"tombstone:bag_of_seeds":1,"vampirism:fire_place":2,"born_in_chaos_v1:ethereal_spirit":8,"minecraft:dandelion":28,"minecraft:torchflower_seeds":3,"minecraft:gravel":3,"born_in_chaos_v1:dark_rod":6,"minecraft:white_bed":3,"minecraft:spruce_log":3,"minecraft:spider_eye":2,"minecraft:pumpkin_seeds":1,"minecraft:slime_ball":4,"evilcraft:dark_gem":142,"minecraft:terracotta":1,"minecraft:coal":301},"minecraft:killed":{"born_in_chaos_v1:zombie_clown":1,"vampirism:vampire":4,"vampirism:advanced_vampire":2,"born_in_chaos_v1:restless_spirit":3,"born_in_chaos_v1:zombie_lumberjack":3,"born_in_chaos_v1:skeleton_demoman":1,"minecraft:spider":6,"born_in_chaos_v1:siamese_skeletonsright":1,"born_in_chaos_v1:baby_skeleton_minion":2,"minecraft:skeleton":7,"born_in_chaos_v1:firelight_not_despawn":3,"born_in_chaos_v1:diamond_termite":2,"born_in_chaos_v1:dread_hound_not_despawn":2,"minecraft:creeper":4,"mowziesmobs:lantern":1,"minecraft:zombie":40,"born_in_chaos_v1:dread_hound":3,"born_in_chaos_v1:corpse_fly":12,"born_in_chaos_v1:siamese_skeletonsleft":1,"born_in_chaos_v1:thornshell_crab":2,"born_in_chaos_v1:zombie_bruiser":3,"born_in_chaos_v1:maggot":12,"minecraft:husk":1,"born_in_chaos_v1:baby_skeleton":2,"born_in_chaos_v1:swarmer":1,"minecraft:rabbit":3,"born_in_chaos_v1:decrepit_skeleton":4,"born_in_chaos_v1:decaying_zombie":1,"born_in_chaos_v1:dark_vortex":2,"minecraft:enderman":1},"minecraft:killed_by":{"vampirism:advanced_vampire":4,"minecraft:creeper":1,"born_in_chaos_v1:corpse_fly":1,"minecraft:zombie":2,"vampirism:vampire":2,"born_in_chaos_v1:baby_skeleton_minion":2,"minecraft:spider":1,"born_in_chaos_v1:decrepit_skeleton":1,"minecraft:skeleton":1,"born_in_chaos_v1:dread_hound":1},"minecraft:crafted":{"minecraft:oak_planks":72,"securitycraft:mine":3,"minecraft:cooked_chicken":2,"minecraft:birch_slab":12,"minecraft:cooked_mutton":1,"minecraft:bow":1,"minecraft:iron_boots":3,"minecraft:chest":26,"minecraft:birch_door":6,"minecraft:stone_hoe":1,"minecraft:cooked_rabbit":5,"minecraft:cooked_porkchop":1,"minecraft:crafting_table":9,"minecraft:spruce_planks":12,"minecraft:iron_helmet":2,"minecraft:wooden_pickaxe":1,"minecraft:birch_planks":624,"minecraft:iron_chestplate":2,"minecraft:shield":1,"minecraft:stick":84,"minecraft:iron_ingot":62,"minecraft:iron_pickaxe":1,"minecraft:stone_sword":1,"minecraft:cherry_planks":8,"minecraft:wooden_sword":1,"minecraft:stone_shovel":15,"minecraft:furnace":3,"minecraft:bone_meal":69,"born_in_chaos_v1:spiny_shell_armor_helmet":1,"minecraft:stone_pickaxe":8,"minecraft:dark_oak_planks":348,"minecraft:wheat":171,"sophisticatedbackpacks:iron_backpack":1,"minecraft:iron_sword":3,"minecraft:bucket":2,"minecraft:stone_axe":3,"minecraft:bread":76,"minecraft:air":0,"securitycraft:dirt_mine":2,"justhammers:iron_hammer":1,"minecraft:wooden_axe":2,"minecraft:iron_leggings":1,"minecraft:torch":148},"minecraft:used":{"minecraft:moss_block":1,"minecraft:blue_terracotta":1,"minecraft:red_sand":1,"minecraft:poppy":9,"minecraft:chest":32,"minecraft:shield":39,"minecraft:white_terracotta":1,"minecraft:iron_sword":433,"minecraft:carrot":170,"minecraft:glass":24,"minecraft:spruce_boat":1,"born_in_chaos_v1:corpse_maggot":3,"vampirism:item_tent":1,"minecraft:birch_sapling":9,"minecraft:furnace":11,"minecraft:oak_sapling":8,"minecraft:dark_oak_sapling":4,"minecraft:diorite":1,"minecraft:stone_pickaxe":799,"minecraft:wooden_pickaxe":42,"minecraft:sandstone":7,"minecraft:sugar_cane":4,"minecraft:blue_bed":12,"minecraft:glow_berries":2,"minecraft:white_wool":1,"minecraft:sand":22,"minecraft:chiseled_sandstone":1,"born_in_chaos_v1:monster_flesh":1,"minecraft:melon_slice":28,"minecraft:birch_slab":10,"minecraft:bread":70,"tombstone:grave_key":13,"minecraft:gravel":1,"minecraft:wooden_sword":60,"minecraft:cooked_rabbit":5,"minecraft:andesite":49,"minecraft:bone_meal":44,"minecraft:azalea":1,"minecraft:stone_sword":25,"minecraft:stone_shovel":1880,"minecraft:spruce_planks":9,"minecraft:stone_hoe":21,"minecraft:cooked_chicken":2,"minecraft:torch":109,"minecraft:dirt":1191,"minecraft:birch_door":8,"minecraft:dark_oak_planks":225,"minecraft:wooden_axe":37,"minecraft:iron_boots":1,"evilcraft:flesh_humanoid":1,"securitycraft:dirt_mine":2,"tombstone:gift":11,"minecraft:orange_terracotta":1,"minecraft:cooked_mutton":1,"vampirism:fire_place":1,"minecraft:water_bucket":24,"minecraft:birch_planks":246,"minecraft:cut_sandstone":2,"minecraft:terracotta":1,"minecraft:crafting_table":14,"vampirism:hunter_table":1,"minecraft:white_bed":1,"justhammers:iron_hammer":79,"tombstone:bag_of_seeds":1,"minecraft:apple":1,"minecraft:iron_pickaxe":22,"tombstone:magic_scroll":2,"minecraft:stone_axe":277,"minecraft:cobblestone":327,"minecraft:cooked_porkchop":1,"minecraft:bucket":25,"born_in_chaos_v1:wood_splitter_axe":84,"minecraft:dandelion":12},"minecraft:custom":{"minecraft:interact_with_crafting_table":82,"minecraft:open_barrel":4,"minecraft:leave_game":8,"minecraft:time_since_death":22507,"minecraft:sprint_one_cm":1395134,"minecraft:damage_blocked_by_shield":1937,"minecraft:drop":91,"minecraft:play_time":517931,"minecraft:deaths":18,"minecraft:jump":6516,"minecraft:walk_on_water_one_cm":45197,"minecraft:interact_with_furnace":57,"vampirism:interact_with_research_table":4,"minecraft:sleep_in_bed":40,"minecraft:damage_dealt":27049,"minecraft:player_kills":1,"minecraft:crouch_one_cm":14633,"tombstone:undead_killed":68,"minecraft:mob_kills":146,"minecraft:damage_dealt_resisted":1895,"minecraft:climb_one_cm":7790,"minecraft:walk_one_cm":1448806,"minecraft:damage_dealt_absorbed":40,"minecraft:sneak_time":4344,"minecraft:walk_under_water_one_cm":18947,"minecraft:boat_one_cm":161550,"minecraft:total_world_time":517931,"vampirism:interact_with_garlic_diffuser":1,"minecraft:time_since_rest":14519,"minecraft:damage_taken":9893,"minecraft:trigger_trapped_chest":5,"minecraft:swim_one_cm":23960,"minecraft:fly_one_cm":1117642,"minecraft:open_chest":251,"minecraft:fall_one_cm":124977}},"DataVersion":3465}