{"stats":{"minecraft:broken":{"minecraft:stone_pickaxe":1,"minecraft:wooden_pickaxe":1},"minecraft:dropped":{"minecraft:wheat_seeds":6,"minecraft:rotten_flesh":12,"minecraft:bundle":1,"minecraft:wooden_sword":1},"minecraft:killed":{"born_in_chaos_v1:zombie_clown":1,"born_in_chaos_v1:fallen_chaos_knight":1,"born_in_chaos_v1:bonescaller":1,"born_in_chaos_v1:baby_skeleton_minion":2,"born_in_chaos_v1:maggot":3,"minecraft:skeleton":1,"minecraft:sheep":4,"minecraft:zombie":2,"minecraft:chicken":13,"born_in_chaos_v1:corpse_fly":1,"minecraft:cow":2},"minecraft:used":{"minecraft:moss_block":1,"minecraft:stone_sword":108,"minecraft:stone_pickaxe":151,"minecraft:wooden_pickaxe":59,"minecraft:iron_sword":19,"minecraft:torch":7,"minecraft:dirt":7,"minecraft:sand":2,"minecraft:crafting_table":3,"minecraft:magenta_bed":4,"minecraft:wooden_axe":4,"minecraft:bread":16,"minecraft:iron_helmet":1,"minecraft:wooden_sword":3,"minecraft:cobblestone":23,"minecraft:furnace":1,"tombstone:gift":1},"minecraft:mined":{"minecraft:acacia_leaves":8,"minecraft:crafting_table":3,"minecraft:torch":1,"minecraft:acacia_log":6,"minecraft:grass_block":3,"minecraft:dead_bush":1,"minecraft:tall_grass":11,"minecraft:cobblestone":10,"minecraft:moss_block":1,"minecraft:wall_torch":1,"minecraft:furnace":1,"minecraft:iron_ore":45,"minecraft:magenta_bed":5,"evilcraft:dark_ore":7,"minecraft:grass":25,"minecraft:coal_ore":71,"minecraft:dirt":4,"minecraft:stone":71,"minecraft:fern":2},"minecraft:crafted":{"minecraft:wooden_sword":1,"minecraft:crafting_table":1,"minecraft:spruce_planks":48,"minecraft:wooden_pickaxe":1,"minecraft:iron_helmet":1,"minecraft:iron_sword":1,"minecraft:furnace":1,"minecraft:air":0,"minecraft:iron_boots":1,"minecraft:iron_chestplate":1,"minecraft:stick":24,"minecraft:iron_ingot":31,"minecraft:stone_pickaxe":2,"minecraft:wooden_axe":1,"minecraft:stone_sword":1,"minecraft:iron_leggings":1,"minecraft:acacia_planks":24,"minecraft:torch":20},"minecraft:custom":{"minecraft:interact_with_furnace":11,"minecraft:mob_kills":32,"minecraft:interact_with_crafting_table":12,"minecraft:damage_dealt_resisted":96,"minecraft:leave_game":2,"minecraft:time_since_death":4615,"minecraft:sleep_in_bed":4,"minecraft:time_since_rest":3993,"minecraft:sprint_one_cm":262865,"minecraft:damage_taken":1635,"minecraft:walk_one_cm":108502,"minecraft:drop":4,"minecraft:damage_dealt":3182,"minecraft:fly_one_cm":333938,"minecraft:open_chest":4,"minecraft:crouch_one_cm":2632,"minecraft:play_time":59012,"tombstone:undead_killed":8,"minecraft:deaths":4,"minecraft:sneak_time":1367,"minecraft:walk_under_water_one_cm":585,"minecraft:jump":1376,"minecraft:walk_on_water_one_cm":1200,"minecraft:total_world_time":59012,"minecraft:fall_one_cm":36272},"minecraft:killed_by":{"minecraft:skeleton":1,"born_in_chaos_v1:fallen_chaos_knight":2},"minecraft:picked_up":{"born_in_chaos_v1:corpse_maggot":4,"minecraft:crafting_table":3,"minecraft:feather":13,"minecraft:chicken":13,"born_in_chaos_v1:spiritual_dust":2,"born_in_chaos_v1:seedof_chaos":2,"minecraft:leather":3,"minecraft:magenta_bed":5,"minecraft:dirt":7,"minecraft:wooden_sword":1,"born_in_chaos_v1:intoxicating_decoction":3,"minecraft:bone":4,"minecraft:wheat_seeds":6,"minecraft:beef":2,"minecraft:moss_block":1,"minecraft:acacia_sapling":2,"minecraft:furnace":1,"minecraft:egg":9,"minecraft:stick":3,"minecraft:raw_iron":44,"minecraft:torch":2,"minecraft:acacia_log":6,"minecraft:sand":2,"tombstone:grave_dust":1,"born_in_chaos_v1:pieceofdarkmetal":4,"minecraft:bundle":2,"minecraft:arrow":2,"minecraft:rotten_flesh":12,"evilcraft:dark_gem":28,"minecraft:coal":133,"minecraft:mutton":4,"minecraft:white_wool":3,"minecraft:cobblestone":80}},"DataVersion":3465}