{"stats":{"minecraft:broken":{"minecraft:wooden_sword":1},"minecraft:mined":{"minecraft:cut_sandstone":2,"minecraft:orange_terracotta":1,"minecraft:crafting_table":3,"minecraft:torch":1,"minecraft:red_sand":1,"minecraft:grass_block":1,"minecraft:dead_bush":2,"minecraft:campfire":2,"vampirism:hunter_table":1,"minecraft:sugar_cane":11,"born_in_chaos_v1:gnawed_bones":1,"minecraft:sandstone":11,"minecraft:wall_torch":1,"minecraft:blue_bed":5,"born_in_chaos_v1:pile_of_skulls":1,"minecraft:spawner":1,"minecraft:white_terracotta":1,"minecraft:blue_terracotta":1,"minecraft:furnace":2,"minecraft:chiseled_sandstone":1,"minecraft:coal_ore":4,"minecraft:oak_log":12,"minecraft:sand":6,"minecraft:azalea_leaves":2,"minecraft:terracotta":1,"minecraft:stone":24},"minecraft:custom":{"minecraft:interact_with_furnace":8,"minecraft:mob_kills":16,"vampirism:interact_with_research_table":4,"minecraft:interact_with_crafting_table":5,"minecraft:open_barrel":1,"vampirism:interact_with_garlic_diffuser":1,"minecraft:damage_dealt_resisted":219,"minecraft:leave_game":2,"minecraft:time_since_death":5198,"minecraft:sleep_in_bed":5,"minecraft:climb_one_cm":5501,"minecraft:time_since_rest":2799,"minecraft:sprint_one_cm":250808,"minecraft:damage_taken":1825,"minecraft:walk_one_cm":277519,"minecraft:trigger_trapped_chest":4,"minecraft:drop":9,"minecraft:damage_dealt":2656,"minecraft:swim_one_cm":6646,"minecraft:fly_one_cm":247087,"minecraft:open_chest":5,"minecraft:sneak_time":9,"minecraft:play_time":70667,"tombstone:undead_killed":4,"minecraft:deaths":4,"minecraft:walk_under_water_one_cm":3481,"minecraft:jump":1428,"minecraft:walk_on_water_one_cm":12576,"minecraft:total_world_time":70667,"minecraft:fall_one_cm":27529},"minecraft:killed_by":{"born_in_chaos_v1:baby_skeleton_minion":1,"born_in_chaos_v1:corpse_fly":1,"born_in_chaos_v1:dread_hound":1},"minecraft:killed":{"born_in_chaos_v1:zombie_clown":1,"minecraft:husk":1,"born_in_chaos_v1:baby_skeleton":1,"minecraft:rabbit":3,"born_in_chaos_v1:dread_hound_not_despawn":2,"born_in_chaos_v1:zombie_bruiser":1,"born_in_chaos_v1:maggot":2,"born_in_chaos_v1:dread_hound":1,"born_in_chaos_v1:firelight_not_despawn":3},"minecraft:picked_up":{"minecraft:charcoal":7,"minecraft:crafting_table":3,"born_in_chaos_v1:monster_flesh":2,"minecraft:cut_sandstone":2,"minecraft:oak_log":13,"minecraft:blue_bed":5,"minecraft:dirt":1,"born_in_chaos_v1:intoxicating_decoction":1,"born_in_chaos_v1:monster_skin":1,"minecraft:orange_terracotta":1,"minecraft:bone":2,"minecraft:red_sand":1,"minecraft:rabbit_hide":1,"minecraft:iron_ingot":1,"minecraft:rabbit":5,"minecraft:sugar_cane":31,"minecraft:furnace":2,"minecraft:stick":3,"minecraft:sandstone":7,"minecraft:torch":2,"minecraft:spruce_log":2,"minecraft:chiseled_sandstone":1,"vampirism:hunter_table":1,"minecraft:blue_terracotta":1,"minecraft:rotten_flesh":10,"born_in_chaos_v1:fire_dust":3,"minecraft:white_terracotta":1,"minecraft:terracotta":1,"minecraft:coal":4,"minecraft:white_wool":1,"minecraft:cobblestone":24},"minecraft:dropped":{"vampirism:item_garlic":1,"minecraft:rotten_flesh":10,"minecraft:apple":1,"minecraft:rabbit_hide":1,"minecraft:charcoal":3,"minecraft:wooden_axe":1,"minecraft:wooden_pickaxe":1,"minecraft:blue_bed":1},"minecraft:crafted":{"minecraft:wooden_sword":1,"minecraft:oak_planks":52,"minecraft:cooked_porkchop":1,"minecraft:crafting_table":1,"minecraft:spruce_planks":4,"minecraft:wooden_pickaxe":1,"minecraft:cooked_chicken":2,"minecraft:furnace":1,"minecraft:stone_axe":1,"minecraft:cooked_mutton":1,"minecraft:air":0,"minecraft:stick":20,"minecraft:stone_pickaxe":1,"minecraft:wooden_axe":2,"minecraft:stone_sword":1,"minecraft:torch":12,"minecraft:cooked_rabbit":5},"minecraft:used":{"minecraft:cooked_mutton":1,"minecraft:blue_terracotta":1,"minecraft:stone_sword":21,"minecraft:red_sand":1,"minecraft:stone_pickaxe":12,"minecraft:wooden_pickaxe":42,"minecraft:white_terracotta":1,"minecraft:sandstone":7,"minecraft:cut_sandstone":2,"minecraft:blue_bed":3,"minecraft:cooked_chicken":2,"minecraft:white_wool":1,"minecraft:torch":1,"minecraft:dirt":1,"minecraft:terracotta":1,"minecraft:crafting_table":4,"vampirism:hunter_table":1,"minecraft:wooden_axe":25,"minecraft:apple":1,"minecraft:chiseled_sandstone":1,"born_in_chaos_v1:monster_flesh":1,"minecraft:bread":10,"evilcraft:flesh_humanoid":1,"minecraft:wooden_sword":60,"minecraft:furnace":2,"minecraft:cooked_porkchop":1,"minecraft:cooked_rabbit":3,"tombstone:gift":2,"minecraft:orange_terracotta":1}},"DataVersion":3465}