{"stats":{"minecraft:dropped":{"minecraft:leather_helmet":1,"born_in_chaos_v1:monster_flesh":2,"minecraft:crimson_roots":2,"minecraft:blue_bed":1,"minecraft:bone":8,"minecraft:gravel":1,"minecraft:cobbled_deepslate":5,"minecraft:wheat":1,"minecraft:rotten_flesh":47,"minecraft:oak_planks":4,"evilcraft:flesh_humanoid":4,"vampirism:hunter_axe_normal":1,"minecraft:poppy":49,"minecraft:rabbit_hide":1,"minecraft:gunpowder":8,"minecraft:charcoal":3,"born_in_chaos_v1:corpse_maggot":3,"vampirism:item_garlic":1,"minecraft:iron_ingot":15,"minecraft:bread":31,"minecraft:wheat_seeds":4,"minecraft:iron_helmet":1,"minecraft:cobblestone":466,"minecraft:apple":1,"minecraft:coal":3,"tombstone:grave_key":1,"minecraft:wooden_axe":1,"minecraft:dandelion":16,"minecraft:stone_sword":1,"minecraft:iron_boots":2,"sophisticatedbackpacks:backpack":1,"minecraft:spruce_fence":1,"minecraft:bundle":1,"minecraft:spruce_planks":4,"minecraft:stone_bricks":2,"minecraft:spider_eye":2,"minecraft:bamboo":12,"minecraft:stone_pickaxe":1,"minecraft:wooden_pickaxe":2,"minecraft:magma_block":14},"minecraft:broken":{"minecraft:stone_pickaxe":5,"minecraft:wooden_sword":1,"minecraft:stone_axe":2,"minecraft:iron_sword":1,"minecraft:stone_shovel":13},"minecraft:mined":{"minecraft:dark_oak_planks":1,"minecraft:white_bed":2,"minecraft:jungle_leaves":1,"minecraft:red_sand":1,"minecraft:grass_block":1551,"vampirism:hunter_table":1,"born_in_chaos_v1:pile_of_skulls":1,"minecraft:chiseled_stone_bricks":1,"minecraft:spawner":1,"minecraft:iron_ore":43,"vampirism:tent":2,"minecraft:azalea_leaves":2,"minecraft:cut_sandstone":2,"minecraft:orange_terracotta":1,"minecraft:torch":8,"minecraft:poppy":53,"minecraft:melon":7,"minecraft:dead_bush":2,"minecraft:cobblestone":42,"minecraft:sugar_cane":22,"minecraft:wall_torch":13,"minecraft:white_terracotta":1,"minecraft:blue_terracotta":1,"minecraft:birch_log":151,"evilcraft:dark_ore_deepslate":9,"minecraft:stone_brick_stairs":1,"minecraft:grass":120,"minecraft:oak_log":12,"minecraft:sand":8,"minecraft:dirt":311,"minecraft:oak_leaves":8,"minecraft:deepslate":7,"minecraft:dark_oak_leaves":41,"minecraft:dark_oak_log":87,"minecraft:sandstone":11,"born_in_chaos_v1:gnawed_bones":1,"minecraft:furnace":6,"minecraft:carrots":41,"minecraft:chiseled_sandstone":1,"minecraft:andesite":8,"evilcraft:dark_ore":6,"minecraft:mossy_stone_brick_stairs":1,"minecraft:vine":1,"minecraft:bamboo":1,"minecraft:stone":561,"minecraft:dandelion":14,"minecraft:crafting_table":4,"minecraft:campfire":2,"minecraft:tall_grass":22,"minecraft:lapis_ore":1,"minecraft:sculk":1,"minecraft:diorite":3,"minecraft:blue_bed":12,"minecraft:birch_planks":28,"minecraft:birch_leaves":6,"minecraft:coal_ore":124,"vampirism:fire_place":1,"minecraft:gravel":1,"minecraft:terracotta":1,"minecraft:stone_bricks":1,"minecraft:fern":1},"minecraft:picked_up":{"minecraft:wheat":10,"minecraft:enchanted_book":1,"tombstone:grave_key":1,"minecraft:string":16,"minecraft:raw_copper":8,"minecraft:red_sand":1,"minecraft:cobbled_deepslate":6,"minecraft:spruce_planks":33,"minecraft:melon_slice":40,"minecraft:furnace":7,"minecraft:iron_boots":1,"minecraft:stick":46,"minecraft:torch":25,"minecraft:diorite":6,"minecraft:cherry_log":2,"tombstone:grave_dust":10,"minecraft:pointed_dripstone":2,"vampirism:vampire_fang":2,"vampirism:hunter_table":1,"vampirism:blood_bottle":3,"minecraft:rotten_flesh":113,"minecraft:white_terracotta":1,"minecraft:cod":2,"minecraft:cobblestone":922,"minecraft:birch_log":156,"born_in_chaos_v1:staffof_magic_arrows":1,"minecraft:magma_block":14,"born_in_chaos_v1:spiritual_dust":3,"minecraft:andesite":8,"evilcraft:flesh_humanoid":8,"minecraft:dirt":2551,"minecraft:lapis_lazuli":7,"tombstone:familiar_receptacle":1,"born_in_chaos_v1:monster_skin":1,"minecraft:bone":24,"minecraft:wheat_seeds":24,"minecraft:rabbit":5,"minecraft:bamboo":24,"securitycraft:mine":1,"minecraft:sand":47,"sophisticatedbackpacks:jukebox_upgrade":1,"minecraft:chiseled_sandstone":1,"minecraft:dark_oak_log":87,"minecraft:bundle":5,"minecraft:blue_terracotta":1,"born_in_chaos_v1:fire_dust":3,"minecraft:spruce_boat":1,"minecraft:bone_meal":25,"minecraft:bread":7,"minecraft:oak_sapling":14,"minecraft:crimson_roots":2,"minecraft:charcoal":7,"minecraft:crafting_table":4,"minecraft:wooden_pickaxe":1,"mowziesmobs:glowing_jelly":4,"born_in_chaos_v1:intoxicating_decoction":1,"born_in_chaos_v1:gnawed_bones":2,"minecraft:poppy":58,"minecraft:sugar_cane":108,"tombstone:tablet_of_assistance":1,"minecraft:chest":1,"minecraft:birch_sapling":45,"minecraft:dark_oak_sapling":7,"minecraft:raw_iron":41,"minecraft:sandstone":7,"minecraft:spruce_fence":1,"sophisticatedbackpacks:backpack":2,"born_in_chaos_v1:pieceofdarkmetal":2,"minecraft:carrot":125,"tombstone:scroll_of_purification":1,"minecraft:dark_oak_planks":1,"minecraft:arrow":9,"born_in_chaos_v1:wood_splitter_axe":3,"minecraft:hay_block":1,"born_in_chaos_v1:spiny_shell":6,"tombstone:essence_of_undeath":1,"minecraft:white_wool":1,"born_in_chaos_v1:fused_bone":2,"born_in_chaos_v1:corpse_maggot":22,"vampirism:item_tent":4,"born_in_chaos_v1:monster_flesh":5,"minecraft:cut_sandstone":3,"minecraft:birch_planks":27,"minecraft:oak_log":18,"minecraft:gunpowder":11,"minecraft:blue_bed":12,"tombstone:gift":1,"minecraft:orange_terracotta":1,"minecraft:apple":1,"minecraft:stone_bricks":2,"minecraft:rabbit_hide":1,"minecraft:iron_ingot":37,"minecraft:stone_pickaxe":2,"tombstone:bag_of_seeds":1,"vampirism:fire_place":2,"born_in_chaos_v1:ethereal_spirit":7,"minecraft:dandelion":28,"minecraft:torchflower_seeds":3,"minecraft:gravel":2,"born_in_chaos_v1:dark_rod":6,"minecraft:white_bed":3,"minecraft:spruce_log":3,"minecraft:spider_eye":2,"minecraft:pumpkin_seeds":1,"minecraft:slime_ball":4,"evilcraft:dark_gem":87,"minecraft:terracotta":1,"minecraft:coal":234},"minecraft:killed":{"born_in_chaos_v1:zombie_clown":1,"vampirism:vampire":3,"vampirism:advanced_vampire":2,"born_in_chaos_v1:zombie_lumberjack":3,"born_in_chaos_v1:restless_spirit":2,"born_in_chaos_v1:skeleton_demoman":1,"minecraft:spider":6,"born_in_chaos_v1:siamese_skeletonsright":1,"born_in_chaos_v1:baby_skeleton_minion":2,"minecraft:skeleton":4,"born_in_chaos_v1:firelight_not_despawn":3,"born_in_chaos_v1:dread_hound_not_despawn":2,"minecraft:creeper":3,"mowziesmobs:lantern":1,"minecraft:zombie":35,"born_in_chaos_v1:dread_hound":2,"born_in_chaos_v1:corpse_fly":11,"born_in_chaos_v1:siamese_skeletonsleft":1,"born_in_chaos_v1:thornshell_crab":2,"born_in_chaos_v1:zombie_bruiser":3,"born_in_chaos_v1:maggot":12,"minecraft:husk":1,"born_in_chaos_v1:baby_skeleton":2,"born_in_chaos_v1:swarmer":1,"minecraft:rabbit":3,"born_in_chaos_v1:decrepit_skeleton":3,"born_in_chaos_v1:dark_vortex":2,"minecraft:enderman":1},"minecraft:killed_by":{"vampirism:advanced_vampire":3,"born_in_chaos_v1:corpse_fly":1,"minecraft:zombie":2,"vampirism:vampire":1,"born_in_chaos_v1:baby_skeleton_minion":2,"minecraft:spider":1,"born_in_chaos_v1:decrepit_skeleton":1,"born_in_chaos_v1:dread_hound":1},"minecraft:crafted":{"minecraft:oak_planks":68,"securitycraft:mine":3,"minecraft:cooked_chicken":2,"minecraft:cooked_mutton":1,"minecraft:iron_boots":2,"minecraft:chest":5,"minecraft:stone_hoe":1,"minecraft:cooked_rabbit":5,"minecraft:cooked_porkchop":1,"minecraft:crafting_table":6,"minecraft:spruce_planks":12,"minecraft:wooden_pickaxe":1,"minecraft:iron_helmet":1,"minecraft:birch_planks":624,"minecraft:iron_chestplate":1,"minecraft:shield":1,"minecraft:stick":80,"minecraft:iron_ingot":38,"minecraft:iron_pickaxe":1,"minecraft:stone_sword":1,"minecraft:cherry_planks":8,"minecraft:wooden_sword":1,"minecraft:stone_shovel":15,"minecraft:furnace":1,"minecraft:bone_meal":69,"born_in_chaos_v1:spiny_shell_armor_helmet":1,"minecraft:stone_pickaxe":8,"minecraft:dark_oak_planks":348,"minecraft:wheat":171,"sophisticatedbackpacks:iron_backpack":1,"minecraft:iron_sword":2,"minecraft:bucket":2,"minecraft:stone_axe":2,"minecraft:bread":76,"minecraft:air":0,"securitycraft:dirt_mine":2,"justhammers:iron_hammer":1,"minecraft:wooden_axe":2,"minecraft:torch":72},"minecraft:used":{"minecraft:blue_terracotta":1,"minecraft:red_sand":1,"minecraft:poppy":9,"minecraft:chest":8,"minecraft:shield":25,"minecraft:white_terracotta":1,"minecraft:iron_sword":399,"minecraft:carrot":115,"minecraft:spruce_boat":1,"born_in_chaos_v1:corpse_maggot":3,"vampirism:item_tent":1,"minecraft:birch_sapling":9,"minecraft:furnace":8,"minecraft:oak_sapling":8,"minecraft:dark_oak_sapling":4,"minecraft:stone_pickaxe":799,"minecraft:wooden_pickaxe":42,"minecraft:sandstone":7,"minecraft:blue_bed":11,"minecraft:sugar_cane":4,"minecraft:white_wool":1,"minecraft:sand":22,"minecraft:chiseled_sandstone":1,"born_in_chaos_v1:monster_flesh":1,"minecraft:bread":70,"minecraft:melon_slice":28,"tombstone:grave_key":1,"minecraft:wooden_sword":60,"minecraft:cooked_rabbit":5,"minecraft:andesite":7,"minecraft:bone_meal":44,"minecraft:stone_sword":25,"minecraft:stone_shovel":1841,"minecraft:spruce_planks":9,"minecraft:stone_hoe":21,"minecraft:cooked_chicken":2,"minecraft:torch":88,"minecraft:dirt":1122,"minecraft:wooden_axe":37,"minecraft:dark_oak_planks":225,"minecraft:iron_boots":1,"evilcraft:flesh_humanoid":1,"securitycraft:dirt_mine":2,"tombstone:gift":11,"minecraft:orange_terracotta":1,"minecraft:cooked_mutton":1,"minecraft:water_bucket":24,"minecraft:birch_planks":230,"minecraft:cut_sandstone":2,"minecraft:terracotta":1,"minecraft:crafting_table":10,"vampirism:hunter_table":1,"minecraft:white_bed":1,"justhammers:iron_hammer":33,"tombstone:bag_of_seeds":1,"minecraft:apple":1,"minecraft:iron_pickaxe":5,"tombstone:magic_scroll":2,"minecraft:stone_axe":267,"minecraft:cobblestone":327,"minecraft:cooked_porkchop":1,"minecraft:bucket":24,"born_in_chaos_v1:wood_splitter_axe":52,"minecraft:dandelion":12},"minecraft:custom":{"minecraft:interact_with_crafting_table":65,"minecraft:open_barrel":4,"minecraft:leave_game":6,"minecraft:time_since_death":5156,"minecraft:sprint_one_cm":1219172,"minecraft:damage_blocked_by_shield":1322,"minecraft:drop":82,"minecraft:play_time":448901,"minecraft:deaths":14,"minecraft:jump":5763,"minecraft:walk_on_water_one_cm":35212,"minecraft:interact_with_furnace":46,"vampirism:interact_with_research_table":4,"minecraft:sleep_in_bed":36,"minecraft:damage_dealt":23580,"minecraft:player_kills":1,"minecraft:crouch_one_cm":13899,"tombstone:undead_killed":58,"minecraft:mob_kills":128,"minecraft:damage_dealt_resisted":1761,"minecraft:climb_one_cm":7570,"minecraft:walk_one_cm":1297306,"minecraft:damage_dealt_absorbed":40,"minecraft:sneak_time":3808,"minecraft:walk_under_water_one_cm":17115,"minecraft:boat_one_cm":161550,"minecraft:total_world_time":448901,"vampirism:interact_with_garlic_diffuser":1,"minecraft:time_since_rest":4811,"minecraft:damage_taken":8077,"minecraft:trigger_trapped_chest":5,"minecraft:swim_one_cm":18443,"minecraft:fly_one_cm":993570,"minecraft:open_chest":150,"minecraft:fall_one_cm":106349}},"DataVersion":3465}