{"stats":{"minecraft:broken":{"minecraft:stone_pickaxe":1,"minecraft:wooden_sword":1},"minecraft:mined":{"minecraft:white_bed":1,"minecraft:jungle_leaves":1,"minecraft:red_sand":1,"minecraft:grass_block":2,"vampirism:hunter_table":1,"born_in_chaos_v1:gnawed_bones":1,"minecraft:sandstone":11,"born_in_chaos_v1:pile_of_skulls":1,"minecraft:chiseled_stone_bricks":1,"minecraft:spawner":1,"minecraft:furnace":3,"minecraft:iron_ore":28,"minecraft:chiseled_sandstone":1,"minecraft:andesite":8,"evilcraft:dark_ore":6,"minecraft:mossy_stone_brick_stairs":1,"minecraft:vine":1,"minecraft:azalea_leaves":2,"minecraft:bamboo":1,"minecraft:stone":78,"minecraft:cut_sandstone":2,"minecraft:orange_terracotta":1,"minecraft:crafting_table":3,"minecraft:torch":4,"minecraft:melon":7,"minecraft:dead_bush":2,"minecraft:campfire":2,"minecraft:cobblestone":2,"minecraft:lapis_ore":1,"minecraft:sugar_cane":18,"minecraft:sculk":1,"minecraft:blue_bed":8,"minecraft:wall_torch":7,"minecraft:white_terracotta":1,"minecraft:blue_terracotta":1,"evilcraft:dark_ore_deepslate":8,"minecraft:birch_leaves":1,"minecraft:stone_brick_stairs":1,"minecraft:grass":2,"minecraft:oak_log":12,"minecraft:coal_ore":91,"minecraft:gravel":1,"minecraft:dirt":3,"minecraft:sand":8,"minecraft:terracotta":1,"minecraft:stone_bricks":1,"minecraft:oak_leaves":8,"minecraft:deepslate":5,"minecraft:fern":1},"minecraft:custom":{"minecraft:mob_kills":54,"minecraft:interact_with_crafting_table":21,"minecraft:open_barrel":2,"minecraft:damage_dealt_resisted":279,"minecraft:leave_game":3,"minecraft:time_since_death":21655,"minecraft:climb_one_cm":7570,"minecraft:sprint_one_cm":564676,"minecraft:walk_one_cm":537439,"minecraft:drop":34,"minecraft:damage_dealt_absorbed":40,"minecraft:play_time":183460,"minecraft:deaths":5,"minecraft:sneak_time":1008,"minecraft:walk_under_water_one_cm":13661,"minecraft:boat_one_cm":161550,"minecraft:jump":2767,"minecraft:walk_on_water_one_cm":29547,"minecraft:total_world_time":183460,"minecraft:interact_with_furnace":25,"vampirism:interact_with_research_table":4,"vampirism:interact_with_garlic_diffuser":1,"minecraft:sleep_in_bed":9,"minecraft:time_since_rest":21116,"minecraft:damage_taken":3671,"minecraft:trigger_trapped_chest":5,"minecraft:damage_dealt":10620,"minecraft:swim_one_cm":15692,"minecraft:fly_one_cm":413212,"minecraft:open_chest":49,"minecraft:crouch_one_cm":427,"tombstone:undead_killed":25,"minecraft:fall_one_cm":53514},"minecraft:killed_by":{"vampirism:advanced_vampire":1,"born_in_chaos_v1:baby_skeleton_minion":1,"born_in_chaos_v1:corpse_fly":1,"born_in_chaos_v1:dread_hound":1},"minecraft:killed":{"born_in_chaos_v1:zombie_clown":1,"vampirism:vampire":2,"vampirism:advanced_vampire":1,"born_in_chaos_v1:zombie_lumberjack":1,"born_in_chaos_v1:thornshell_crab":2,"born_in_chaos_v1:siamese_skeletonsright":1,"born_in_chaos_v1:zombie_bruiser":2,"born_in_chaos_v1:maggot":6,"born_in_chaos_v1:firelight_not_despawn":3,"minecraft:husk":1,"born_in_chaos_v1:baby_skeleton":2,"minecraft:rabbit":3,"born_in_chaos_v1:dread_hound_not_despawn":2,"minecraft:zombie":16,"born_in_chaos_v1:dread_hound":1,"born_in_chaos_v1:corpse_fly":4,"born_in_chaos_v1:dark_vortex":2,"born_in_chaos_v1:siamese_skeletonsleft":1,"minecraft:enderman":1},"minecraft:picked_up":{"minecraft:charcoal":7,"minecraft:crafting_table":3,"minecraft:wheat":10,"minecraft:wooden_pickaxe":1,"tombstone:grave_key":1,"born_in_chaos_v1:intoxicating_decoction":1,"minecraft:red_sand":1,"minecraft:cobbled_deepslate":4,"minecraft:spruce_planks":30,"born_in_chaos_v1:gnawed_bones":2,"minecraft:melon_slice":34,"minecraft:sugar_cane":48,"minecraft:furnace":3,"minecraft:stick":6,"minecraft:raw_iron":26,"minecraft:sandstone":7,"minecraft:torch":13,"minecraft:spruce_fence":1,"sophisticatedbackpacks:backpack":2,"tombstone:grave_dust":5,"minecraft:pointed_dripstone":2,"born_in_chaos_v1:pieceofdarkmetal":2,"vampirism:hunter_table":1,"vampirism:blood_bottle":1,"minecraft:rotten_flesh":36,"minecraft:hay_block":1,"born_in_chaos_v1:spiny_shell":6,"tombstone:essence_of_undeath":1,"minecraft:white_terracotta":1,"minecraft:cobblestone":97,"minecraft:cod":1,"minecraft:white_wool":1,"born_in_chaos_v1:fused_bone":2,"born_in_chaos_v1:corpse_maggot":6,"minecraft:magma_block":14,"vampirism:item_tent":1,"born_in_chaos_v1:monster_flesh":3,"minecraft:andesite":8,"minecraft:cut_sandstone":3,"evilcraft:flesh_humanoid":6,"minecraft:oak_log":15,"minecraft:gunpowder":9,"minecraft:lapis_lazuli":7,"minecraft:blue_bed":8,"minecraft:dirt":6,"minecraft:orange_terracotta":1,"born_in_chaos_v1:monster_skin":1,"minecraft:bone":13,"minecraft:stone_bricks":2,"minecraft:rabbit_hide":1,"minecraft:iron_ingot":28,"minecraft:stone_pickaxe":1,"minecraft:rabbit":5,"minecraft:bamboo":24,"born_in_chaos_v1:ethereal_spirit":3,"minecraft:gravel":2,"born_in_chaos_v1:dark_rod":6,"minecraft:sand":47,"minecraft:white_bed":2,"minecraft:spruce_log":2,"minecraft:chiseled_sandstone":1,"minecraft:bundle":1,"minecraft:blue_terracotta":1,"born_in_chaos_v1:fire_dust":3,"minecraft:spruce_boat":1,"evilcraft:dark_gem":67,"minecraft:bread":6,"minecraft:terracotta":1,"minecraft:oak_sapling":8,"minecraft:coal":108,"minecraft:crimson_roots":2},"minecraft:dropped":{"vampirism:item_garlic":1,"minecraft:iron_ingot":15,"minecraft:bread":31,"minecraft:apple":1,"minecraft:leather_helmet":1,"born_in_chaos_v1:monster_flesh":2,"tombstone:grave_key":1,"minecraft:crimson_roots":2,"minecraft:wooden_axe":1,"minecraft:blue_bed":1,"minecraft:bone":8,"minecraft:stone_sword":1,"minecraft:wheat":1,"minecraft:rotten_flesh":34,"minecraft:oak_planks":4,"sophisticatedbackpacks:backpack":1,"minecraft:spruce_fence":1,"evilcraft:flesh_humanoid":3,"vampirism:hunter_axe_normal":1,"minecraft:rabbit_hide":1,"minecraft:gunpowder":8,"minecraft:charcoal":3,"minecraft:bamboo":12,"minecraft:stone_bricks":2,"minecraft:wooden_pickaxe":2,"minecraft:magma_block":14},"minecraft:crafted":{"minecraft:wooden_sword":1,"minecraft:oak_planks":60,"minecraft:cooked_chicken":2,"minecraft:furnace":1,"minecraft:cooked_mutton":1,"born_in_chaos_v1:spiny_shell_armor_helmet":1,"minecraft:iron_boots":1,"minecraft:stone_pickaxe":2,"minecraft:chest":3,"minecraft:cooked_rabbit":5,"sophisticatedbackpacks:iron_backpack":1,"minecraft:wheat":171,"minecraft:cooked_porkchop":1,"minecraft:crafting_table":5,"minecraft:spruce_planks":8,"minecraft:wooden_pickaxe":1,"minecraft:iron_sword":1,"minecraft:stone_axe":1,"minecraft:bread":72,"minecraft:air":0,"minecraft:iron_chestplate":1,"minecraft:stick":20,"minecraft:iron_ingot":11,"minecraft:wooden_axe":2,"minecraft:stone_sword":1,"minecraft:torch":32},"minecraft:used":{"minecraft:blue_terracotta":1,"minecraft:stone_sword":25,"minecraft:red_sand":1,"minecraft:chest":3,"minecraft:spruce_planks":9,"minecraft:white_terracotta":1,"minecraft:iron_sword":164,"minecraft:cooked_chicken":2,"minecraft:torch":35,"minecraft:dirt":2,"minecraft:spruce_boat":1,"minecraft:wooden_axe":37,"minecraft:iron_boots":1,"evilcraft:flesh_humanoid":1,"minecraft:oak_sapling":8,"minecraft:furnace":4,"tombstone:gift":8,"minecraft:orange_terracotta":1,"minecraft:cooked_mutton":1,"minecraft:stone_pickaxe":221,"minecraft:wooden_pickaxe":42,"minecraft:sandstone":7,"minecraft:cut_sandstone":2,"minecraft:blue_bed":7,"minecraft:white_wool":1,"minecraft:sand":21,"minecraft:terracotta":1,"minecraft:crafting_table":8,"vampirism:hunter_table":1,"minecraft:white_bed":1,"minecraft:apple":1,"minecraft:chiseled_sandstone":1,"born_in_chaos_v1:monster_flesh":1,"minecraft:bread":43,"minecraft:melon_slice":2,"minecraft:wooden_sword":60,"minecraft:cooked_porkchop":1,"minecraft:cooked_rabbit":5,"minecraft:andesite":7}},"DataVersion":3465}