{"stats":{"minecraft:dropped":{"vampirism:item_garlic":1,"minecraft:iron_ingot":15,"minecraft:bread":31,"minecraft:wheat_seeds":4,"minecraft:iron_helmet":1,"minecraft:cobblestone":466,"minecraft:apple":1,"minecraft:coal":3,"minecraft:leather_helmet":1,"born_in_chaos_v1:monster_flesh":2,"tombstone:grave_key":1,"minecraft:crimson_roots":2,"minecraft:wooden_axe":1,"minecraft:blue_bed":1,"minecraft:dandelion":16,"minecraft:bone":8,"minecraft:gravel":1,"minecraft:stone_sword":1,"minecraft:cobbled_deepslate":5,"minecraft:wheat":1,"minecraft:rotten_flesh":47,"minecraft:oak_planks":4,"minecraft:iron_boots":2,"sophisticatedbackpacks:backpack":1,"minecraft:spruce_fence":1,"evilcraft:flesh_humanoid":4,"vampirism:hunter_axe_normal":1,"minecraft:poppy":49,"minecraft:rabbit_hide":1,"minecraft:gunpowder":8,"minecraft:spruce_planks":4,"minecraft:bundle":1,"minecraft:charcoal":3,"born_in_chaos_v1:corpse_maggot":3,"minecraft:spider_eye":2,"minecraft:stone_bricks":2,"minecraft:bamboo":12,"minecraft:stone_pickaxe":1,"minecraft:wooden_pickaxe":2,"minecraft:magma_block":14},"minecraft:broken":{"minecraft:stone_pickaxe":4,"minecraft:stone_axe":1,"minecraft:wooden_sword":1,"minecraft:iron_sword":1,"minecraft:stone_shovel":13},"minecraft:mined":{"minecraft:dark_oak_planks":1,"minecraft:white_bed":2,"minecraft:dark_oak_leaves":40,"minecraft:dark_oak_log":47,"minecraft:jungle_leaves":1,"minecraft:red_sand":1,"minecraft:grass_block":1550,"minecraft:chiseled_stone_bricks":1,"vampirism:hunter_table":1,"born_in_chaos_v1:gnawed_bones":1,"minecraft:sandstone":11,"minecraft:spawner":1,"born_in_chaos_v1:pile_of_skulls":1,"minecraft:furnace":6,"minecraft:carrots":41,"minecraft:iron_ore":43,"minecraft:chiseled_sandstone":1,"minecraft:andesite":8,"evilcraft:dark_ore":6,"vampirism:tent":2,"minecraft:mossy_stone_brick_stairs":1,"minecraft:vine":1,"minecraft:azalea_leaves":2,"minecraft:bamboo":1,"minecraft:stone":551,"minecraft:cut_sandstone":2,"minecraft:orange_terracotta":1,"minecraft:dandelion":14,"minecraft:crafting_table":4,"minecraft:torch":8,"minecraft:poppy":53,"minecraft:melon":7,"minecraft:dead_bush":2,"minecraft:campfire":2,"minecraft:tall_grass":22,"minecraft:cobblestone":37,"minecraft:lapis_ore":1,"minecraft:sugar_cane":22,"minecraft:sculk":1,"minecraft:diorite":3,"minecraft:blue_bed":12,"minecraft:wall_torch":7,"minecraft:white_terracotta":1,"minecraft:birch_planks":22,"minecraft:blue_terracotta":1,"evilcraft:dark_ore_deepslate":9,"minecraft:birch_log":151,"minecraft:birch_leaves":6,"minecraft:stone_brick_stairs":1,"minecraft:grass":120,"minecraft:coal_ore":113,"minecraft:oak_log":12,"vampirism:fire_place":1,"minecraft:gravel":1,"minecraft:dirt":311,"minecraft:sand":8,"minecraft:terracotta":1,"minecraft:stone_bricks":1,"minecraft:oak_leaves":8,"minecraft:deepslate":7,"minecraft:fern":1},"minecraft:picked_up":{"minecraft:charcoal":7,"minecraft:crafting_table":4,"minecraft:wheat":10,"minecraft:wooden_pickaxe":1,"mowziesmobs:glowing_jelly":4,"minecraft:enchanted_book":1,"tombstone:grave_key":1,"minecraft:string":16,"born_in_chaos_v1:intoxicating_decoction":1,"minecraft:red_sand":1,"minecraft:cobbled_deepslate":6,"minecraft:spruce_planks":33,"tombstone:tablet_of_assistance":1,"minecraft:chest":1,"born_in_chaos_v1:gnawed_bones":2,"minecraft:poppy":58,"minecraft:melon_slice":40,"minecraft:sugar_cane":108,"minecraft:birch_sapling":45,"minecraft:iron_boots":1,"minecraft:furnace":7,"minecraft:dark_oak_sapling":7,"minecraft:raw_iron":41,"minecraft:stick":46,"minecraft:sandstone":7,"minecraft:torch":18,"sophisticatedbackpacks:backpack":2,"minecraft:spruce_fence":1,"vampirism:vampire_fang":2,"minecraft:pointed_dripstone":2,"minecraft:cherry_log":2,"tombstone:grave_dust":10,"minecraft:diorite":6,"born_in_chaos_v1:pieceofdarkmetal":2,"minecraft:carrot":125,"tombstone:scroll_of_purification":1,"minecraft:dark_oak_planks":1,"vampirism:hunter_table":1,"vampirism:blood_bottle":3,"minecraft:arrow":7,"minecraft:rotten_flesh":111,"born_in_chaos_v1:wood_splitter_axe":3,"minecraft:hay_block":1,"born_in_chaos_v1:spiny_shell":6,"tombstone:essence_of_undeath":1,"minecraft:white_terracotta":1,"minecraft:white_wool":1,"minecraft:cod":2,"minecraft:cobblestone":682,"born_in_chaos_v1:fused_bone":2,"minecraft:birch_log":156,"born_in_chaos_v1:staffof_magic_arrows":1,"born_in_chaos_v1:corpse_maggot":22,"minecraft:magma_block":14,"born_in_chaos_v1:monster_flesh":5,"vampirism:item_tent":4,"born_in_chaos_v1:spiritual_dust":3,"minecraft:andesite":8,"minecraft:cut_sandstone":3,"minecraft:birch_planks":21,"minecraft:oak_log":18,"evilcraft:flesh_humanoid":8,"minecraft:gunpowder":11,"minecraft:lapis_lazuli":7,"minecraft:dirt":2550,"minecraft:blue_bed":12,"tombstone:familiar_receptacle":1,"tombstone:gift":1,"minecraft:orange_terracotta":1,"born_in_chaos_v1:monster_skin":1,"minecraft:bone":24,"minecraft:apple":1,"minecraft:stone_bricks":2,"minecraft:wheat_seeds":24,"minecraft:rabbit_hide":1,"minecraft:iron_ingot":37,"minecraft:stone_pickaxe":2,"tombstone:bag_of_seeds":1,"minecraft:rabbit":5,"minecraft:bamboo":24,"securitycraft:mine":1,"minecraft:torchflower_seeds":3,"vampirism:fire_place":2,"born_in_chaos_v1:ethereal_spirit":7,"minecraft:dandelion":28,"minecraft:gravel":2,"born_in_chaos_v1:dark_rod":6,"minecraft:sand":47,"minecraft:dark_oak_log":47,"sophisticatedbackpacks:jukebox_upgrade":1,"minecraft:white_bed":3,"minecraft:spruce_log":3,"minecraft:chiseled_sandstone":1,"minecraft:spider_eye":2,"minecraft:bundle":5,"minecraft:pumpkin_seeds":1,"minecraft:blue_terracotta":1,"minecraft:slime_ball":4,"born_in_chaos_v1:fire_dust":3,"minecraft:spruce_boat":1,"evilcraft:dark_gem":87,"minecraft:bone_meal":25,"minecraft:bread":7,"minecraft:terracotta":1,"minecraft:oak_sapling":14,"minecraft:coal":204,"minecraft:crimson_roots":2},"minecraft:killed":{"born_in_chaos_v1:zombie_clown":1,"vampirism:vampire":3,"vampirism:advanced_vampire":2,"born_in_chaos_v1:restless_spirit":2,"born_in_chaos_v1:zombie_lumberjack":3,"born_in_chaos_v1:skeleton_demoman":1,"minecraft:spider":6,"born_in_chaos_v1:thornshell_crab":2,"born_in_chaos_v1:siamese_skeletonsright":1,"born_in_chaos_v1:zombie_bruiser":3,"born_in_chaos_v1:baby_skeleton_minion":2,"born_in_chaos_v1:maggot":12,"minecraft:skeleton":3,"born_in_chaos_v1:firelight_not_despawn":3,"minecraft:husk":1,"born_in_chaos_v1:baby_skeleton":2,"born_in_chaos_v1:swarmer":1,"minecraft:rabbit":3,"born_in_chaos_v1:dread_hound_not_despawn":2,"minecraft:creeper":3,"born_in_chaos_v1:decrepit_skeleton":3,"mowziesmobs:lantern":1,"minecraft:zombie":34,"born_in_chaos_v1:dread_hound":2,"born_in_chaos_v1:corpse_fly":11,"born_in_chaos_v1:dark_vortex":2,"born_in_chaos_v1:siamese_skeletonsleft":1,"minecraft:enderman":1},"minecraft:killed_by":{"vampirism:advanced_vampire":3,"born_in_chaos_v1:baby_skeleton_minion":2,"minecraft:spider":1,"born_in_chaos_v1:corpse_fly":1,"minecraft:zombie":2,"vampirism:vampire":1,"born_in_chaos_v1:dread_hound":1},"minecraft:used":{"minecraft:blue_terracotta":1,"minecraft:stone_sword":25,"minecraft:red_sand":1,"minecraft:stone_shovel":1841,"minecraft:poppy":9,"minecraft:chest":8,"minecraft:spruce_planks":9,"minecraft:shield":24,"minecraft:white_terracotta":1,"minecraft:iron_sword":391,"minecraft:stone_hoe":21,"minecraft:cooked_chicken":2,"minecraft:torch":86,"minecraft:dirt":1115,"minecraft:carrot":112,"minecraft:dark_oak_planks":189,"minecraft:spruce_boat":1,"born_in_chaos_v1:corpse_maggot":3,"minecraft:wooden_axe":37,"vampirism:item_tent":1,"minecraft:birch_sapling":9,"minecraft:iron_boots":1,"evilcraft:flesh_humanoid":1,"securitycraft:dirt_mine":2,"minecraft:oak_sapling":8,"minecraft:furnace":8,"tombstone:gift":11,"minecraft:orange_terracotta":1,"minecraft:dark_oak_sapling":4,"minecraft:cooked_mutton":1,"minecraft:water_bucket":24,"minecraft:birch_planks":224,"minecraft:stone_pickaxe":778,"minecraft:cut_sandstone":2,"minecraft:sugar_cane":4,"minecraft:wooden_pickaxe":42,"minecraft:blue_bed":11,"minecraft:sandstone":7,"minecraft:white_wool":1,"minecraft:terracotta":1,"minecraft:sand":22,"minecraft:crafting_table":10,"vampirism:hunter_table":1,"minecraft:white_bed":1,"tombstone:bag_of_seeds":1,"minecraft:apple":1,"minecraft:chiseled_sandstone":1,"born_in_chaos_v1:monster_flesh":1,"minecraft:melon_slice":28,"minecraft:bread":70,"tombstone:magic_scroll":2,"tombstone:grave_key":1,"minecraft:stone_axe":232,"minecraft:wooden_sword":60,"minecraft:cobblestone":104,"minecraft:cooked_porkchop":1,"minecraft:cooked_rabbit":5,"minecraft:andesite":7,"minecraft:bucket":24,"born_in_chaos_v1:wood_splitter_axe":40,"minecraft:dandelion":12,"minecraft:bone_meal":44},"minecraft:crafted":{"minecraft:cherry_planks":8,"minecraft:wooden_sword":1,"securitycraft:mine":3,"minecraft:oak_planks":68,"minecraft:stone_shovel":15,"minecraft:cooked_chicken":2,"minecraft:furnace":1,"minecraft:bone_meal":69,"minecraft:cooked_mutton":1,"born_in_chaos_v1:spiny_shell_armor_helmet":1,"minecraft:iron_boots":2,"minecraft:stone_pickaxe":8,"minecraft:chest":5,"minecraft:dark_oak_planks":188,"minecraft:stone_hoe":1,"minecraft:cooked_rabbit":5,"sophisticatedbackpacks:iron_backpack":1,"minecraft:wheat":171,"minecraft:cooked_porkchop":1,"minecraft:crafting_table":6,"minecraft:spruce_planks":12,"minecraft:iron_helmet":1,"minecraft:wooden_pickaxe":1,"minecraft:iron_sword":2,"minecraft:bucket":2,"minecraft:birch_planks":604,"minecraft:stone_axe":2,"minecraft:bread":76,"minecraft:air":0,"securitycraft:dirt_mine":2,"minecraft:iron_chestplate":1,"minecraft:shield":1,"minecraft:stick":80,"minecraft:iron_pickaxe":1,"minecraft:iron_ingot":38,"minecraft:wooden_axe":2,"minecraft:stone_sword":1,"minecraft:torch":72},"minecraft:custom":{"minecraft:mob_kills":125,"minecraft:interact_with_crafting_table":63,"minecraft:open_barrel":4,"minecraft:damage_dealt_resisted":1599,"minecraft:leave_game":6,"minecraft:time_since_death":63929,"minecraft:climb_one_cm":7570,"minecraft:sprint_one_cm":1198444,"minecraft:walk_one_cm":1257742,"minecraft:damage_blocked_by_shield":1187,"minecraft:drop":82,"minecraft:damage_dealt_absorbed":40,"minecraft:play_time":436901,"minecraft:deaths":13,"minecraft:sneak_time":2744,"minecraft:walk_under_water_one_cm":17115,"minecraft:boat_one_cm":161550,"minecraft:jump":5633,"minecraft:walk_on_water_one_cm":35212,"minecraft:total_world_time":436901,"minecraft:interact_with_furnace":46,"vampirism:interact_with_research_table":4,"vampirism:interact_with_garlic_diffuser":1,"minecraft:sleep_in_bed":35,"minecraft:time_since_rest":7475,"minecraft:damage_taken":7722,"minecraft:trigger_trapped_chest":5,"minecraft:damage_dealt":23205,"minecraft:swim_one_cm":18443,"minecraft:fly_one_cm":977512,"minecraft:player_kills":1,"minecraft:open_chest":147,"minecraft:crouch_one_cm":7385,"tombstone:undead_killed":56,"minecraft:fall_one_cm":103807}},"DataVersion":3465}