{"stats":{"minecraft:broken":{"minecraft:stone_pickaxe":1,"minecraft:wooden_pickaxe":1},"minecraft:dropped":{"minecraft:wheat_seeds":9,"minecraft:rotten_flesh":15,"minecraft:white_bed":1,"minecraft:acacia_log":2,"evilcraft:flesh_humanoid":1,"minecraft:bundle":1,"minecraft:iron_chestplate":2,"born_in_chaos_v1:corpse_maggot":26,"minecraft:acacia_sapling":4,"minecraft:wooden_sword":3,"minecraft:egg":9},"minecraft:killed":{"born_in_chaos_v1:zombie_clown":1,"born_in_chaos_v1:fallen_chaos_knight":1,"minecraft:cave_spider":5,"born_in_chaos_v1:bonescaller":1,"born_in_chaos_v1:swarmer":1,"minecraft:spider":2,"born_in_chaos_v1:thornshell_crab":1,"born_in_chaos_v1:maggot":3,"born_in_chaos_v1:baby_skeleton_minion":2,"born_in_chaos_v1:decrepit_skeleton":1,"born_in_chaos_v1:scarlet_persecutor":2,"minecraft:sheep":4,"minecraft:skeleton":1,"minecraft:zombie":2,"minecraft:chicken":13,"born_in_chaos_v1:corpse_fly":9,"minecraft:cow":2},"minecraft:used":{"minecraft:moss_block":1,"minecraft:stone_sword":112,"minecraft:stone_pickaxe":161,"minecraft:shield":3,"minecraft:wooden_pickaxe":59,"minecraft:iron_sword":131,"minecraft:cooked_chicken":6,"minecraft:torch":17,"minecraft:dirt":13,"minecraft:sand":2,"minecraft:crafting_table":4,"minecraft:magenta_bed":9,"minecraft:wooden_axe":5,"minecraft:bread":16,"minecraft:iron_helmet":1,"minecraft:stone_slab":1,"minecraft:wooden_sword":3,"minecraft:cobblestone":45,"minecraft:furnace":3,"tombstone:gift":4},"minecraft:mined":{"minecraft:acacia_leaves":8,"minecraft:crafting_table":3,"minecraft:torch":1,"minecraft:acacia_log":7,"minecraft:grass_block":3,"minecraft:dead_bush":1,"minecraft:stone_slab":1,"minecraft:tall_grass":11,"minecraft:cobblestone":10,"minecraft:moss_block":1,"minecraft:wall_torch":2,"minecraft:furnace":3,"minecraft:iron_ore":52,"minecraft:magenta_bed":9,"evilcraft:dark_ore":7,"minecraft:grass":35,"minecraft:coal_ore":71,"minecraft:dirt":4,"minecraft:cobweb":22,"minecraft:stone":71,"minecraft:fern":2},"minecraft:crafted":{"minecraft:wooden_sword":1,"minecraft:crafting_table":1,"minecraft:spruce_planks":48,"minecraft:wooden_pickaxe":1,"minecraft:cooked_chicken":13,"minecraft:iron_helmet":1,"minecraft:iron_sword":1,"minecraft:furnace":2,"minecraft:air":0,"minecraft:iron_chestplate":3,"minecraft:iron_boots":1,"minecraft:shield":1,"minecraft:stick":24,"minecraft:iron_ingot":31,"minecraft:stone_pickaxe":2,"minecraft:wooden_axe":1,"minecraft:stone_sword":1,"minecraft:white_bed":1,"minecraft:iron_leggings":1,"minecraft:acacia_planks":24,"minecraft:torch":20},"minecraft:custom":{"minecraft:interact_with_furnace":18,"minecraft:mob_kills":53,"minecraft:interact_with_crafting_table":17,"minecraft:damage_dealt_resisted":697,"minecraft:leave_game":6,"minecraft:time_since_death":2625,"minecraft:sleep_in_bed":6,"minecraft:climb_one_cm":568,"minecraft:time_since_rest":2559,"minecraft:sprint_one_cm":390419,"minecraft:damage_taken":5065,"minecraft:walk_one_cm":222267,"minecraft:damage_blocked_by_shield":120,"minecraft:drop":21,"minecraft:damage_dealt":6747,"minecraft:fly_one_cm":443615,"minecraft:open_chest":5,"minecraft:crouch_one_cm":2822,"minecraft:play_time":93214,"tombstone:undead_killed":10,"minecraft:deaths":15,"minecraft:sneak_time":1441,"minecraft:walk_under_water_one_cm":1445,"minecraft:jump":1917,"minecraft:walk_on_water_one_cm":4485,"minecraft:total_world_time":93214,"minecraft:fall_one_cm":43568},"minecraft:killed_by":{"minecraft:cave_spider":1,"born_in_chaos_v1:nightmare_stalker":2,"minecraft:skeleton":1,"minecraft:spider":1,"born_in_chaos_v1:scarlet_persecutor":7,"born_in_chaos_v1:fallen_chaos_knight":2},"minecraft:picked_up":{"born_in_chaos_v1:corpse_maggot":24,"minecraft:crafting_table":3,"minecraft:feather":13,"minecraft:chicken":13,"born_in_chaos_v1:spiritual_dust":2,"born_in_chaos_v1:seedof_chaos":2,"minecraft:leather":3,"minecraft:stone_slab":2,"minecraft:magenta_bed":9,"minecraft:string":25,"minecraft:dirt":25,"tombstone:gift":1,"minecraft:wooden_sword":2,"born_in_chaos_v1:intoxicating_decoction":3,"minecraft:bone":6,"minecraft:wheat_seeds":7,"minecraft:beef":2,"minecraft:iron_ingot":13,"minecraft:moss_block":1,"minecraft:acacia_sapling":4,"minecraft:egg":9,"minecraft:furnace":3,"minecraft:stick":3,"minecraft:raw_iron":51,"born_in_chaos_v1:phantom_powder":1,"minecraft:acacia_log":8,"minecraft:torch":3,"born_in_chaos_v1:ethereal_spirit":2,"minecraft:sand":2,"tombstone:grave_dust":1,"born_in_chaos_v1:pieceofdarkmetal":4,"minecraft:spider_eye":1,"minecraft:bundle":2,"minecraft:arrow":2,"minecraft:rotten_flesh":15,"evilcraft:dark_gem":28,"born_in_chaos_v1:spiny_shell":2,"tombstone:essence_of_undeath":1,"minecraft:mutton":4,"minecraft:coal":191,"minecraft:white_wool":3,"minecraft:cobblestone":82}},"DataVersion":3465}