{"stats":{"minecraft:mined":{"minecraft:cut_sandstone":2,"minecraft:orange_terracotta":1,"minecraft:crafting_table":3,"minecraft:torch":1,"minecraft:red_sand":1,"minecraft:grass_block":1,"minecraft:dead_bush":1,"minecraft:campfire":2,"vampirism:hunter_table":1,"minecraft:sugar_cane":11,"minecraft:sandstone":10,"minecraft:blue_bed":5,"minecraft:white_terracotta":1,"minecraft:blue_terracotta":1,"minecraft:furnace":1,"minecraft:chiseled_sandstone":1,"minecraft:oak_log":6,"minecraft:sand":6,"minecraft:terracotta":1,"minecraft:stone":24},"minecraft:custom":{"minecraft:interact_with_furnace":4,"minecraft:mob_kills":7,"vampirism:interact_with_research_table":1,"minecraft:interact_with_crafting_table":5,"minecraft:open_barrel":1,"vampirism:interact_with_garlic_diffuser":1,"minecraft:damage_dealt_resisted":16,"minecraft:leave_game":2,"minecraft:time_since_death":6995,"minecraft:sleep_in_bed":5,"minecraft:climb_one_cm":5501,"minecraft:time_since_rest":4058,"minecraft:sprint_one_cm":151665,"minecraft:damage_taken":905,"minecraft:walk_one_cm":193960,"minecraft:trigger_trapped_chest":4,"minecraft:drop":5,"minecraft:damage_dealt":1585,"minecraft:swim_one_cm":4967,"minecraft:fly_one_cm":164269,"minecraft:open_chest":5,"minecraft:play_time":46667,"tombstone:undead_killed":3,"minecraft:deaths":3,"minecraft:walk_under_water_one_cm":2557,"minecraft:jump":887,"minecraft:walk_on_water_one_cm":10150,"minecraft:total_world_time":46667,"minecraft:fall_one_cm":16865},"minecraft:killed_by":{"born_in_chaos_v1:baby_skeleton_minion":1,"born_in_chaos_v1:corpse_fly":1,"born_in_chaos_v1:dread_hound":1},"minecraft:killed":{"minecraft:husk":1,"born_in_chaos_v1:baby_skeleton":1,"born_in_chaos_v1:zombie_bruiser":1,"born_in_chaos_v1:dread_hound":1,"born_in_chaos_v1:firelight_not_despawn":3},"minecraft:picked_up":{"minecraft:charcoal":4,"minecraft:crafting_table":3,"born_in_chaos_v1:monster_flesh":1,"minecraft:cut_sandstone":2,"minecraft:oak_log":6,"minecraft:blue_bed":5,"minecraft:dirt":1,"minecraft:orange_terracotta":1,"minecraft:bone":2,"minecraft:red_sand":1,"minecraft:iron_ingot":1,"minecraft:rabbit":2,"minecraft:sugar_cane":31,"minecraft:furnace":1,"minecraft:stick":2,"minecraft:sandstone":6,"minecraft:torch":1,"minecraft:spruce_log":1,"minecraft:chiseled_sandstone":1,"vampirism:hunter_table":1,"minecraft:blue_terracotta":1,"minecraft:rotten_flesh":6,"born_in_chaos_v1:fire_dust":3,"minecraft:white_terracotta":1,"minecraft:terracotta":1,"minecraft:white_wool":1,"minecraft:cobblestone":24},"minecraft:dropped":{"vampirism:item_garlic":1,"minecraft:apple":1,"minecraft:wooden_axe":1,"minecraft:wooden_pickaxe":1,"minecraft:blue_bed":1},"minecraft:crafted":{"minecraft:wooden_sword":1,"minecraft:oak_planks":24,"minecraft:crafting_table":1,"minecraft:spruce_planks":4,"minecraft:wooden_pickaxe":1,"minecraft:cooked_chicken":2,"minecraft:furnace":1,"minecraft:stone_axe":1,"minecraft:cooked_mutton":1,"minecraft:air":0,"minecraft:stick":16,"minecraft:stone_pickaxe":1,"minecraft:wooden_axe":2,"minecraft:stone_sword":1},"minecraft:used":{"minecraft:cooked_mutton":1,"minecraft:blue_terracotta":1,"minecraft:red_sand":1,"minecraft:wooden_pickaxe":42,"minecraft:white_terracotta":1,"minecraft:cut_sandstone":2,"minecraft:blue_bed":3,"minecraft:cooked_chicken":2,"minecraft:white_wool":1,"minecraft:dirt":1,"minecraft:terracotta":1,"minecraft:crafting_table":4,"minecraft:wooden_axe":16,"minecraft:apple":1,"minecraft:chiseled_sandstone":1,"born_in_chaos_v1:monster_flesh":1,"minecraft:bread":1,"minecraft:wooden_sword":51,"minecraft:furnace":1,"tombstone:gift":2,"minecraft:orange_terracotta":1}},"DataVersion":3465}