{"stats":{"minecraft:broken":{"minecraft:wooden_pickaxe":1},"minecraft:dropped":{"minecraft:bundle":1,"minecraft:wooden_sword":1},"minecraft:used":{"minecraft:moss_block":1,"minecraft:wooden_axe":2,"minecraft:stone_sword":48,"minecraft:bread":10,"minecraft:stone_pickaxe":23,"minecraft:wooden_pickaxe":59,"minecraft:sand":2,"minecraft:torch":2,"minecraft:wooden_sword":3,"minecraft:dirt":4,"minecraft:crafting_table":2,"minecraft:magenta_bed":2,"tombstone:gift":1},"minecraft:killed":{"minecraft:sheep":1,"minecraft:zombie":1,"minecraft:chicken":9,"born_in_chaos_v1:corpse_fly":1},"minecraft:mined":{"minecraft:acacia_leaves":7,"minecraft:magenta_bed":3,"evilcraft:dark_ore":4,"minecraft:crafting_table":2,"minecraft:torch":1,"minecraft:grass":16,"minecraft:acacia_log":6,"minecraft:coal_ore":27,"minecraft:grass_block":3,"minecraft:dirt":4,"minecraft:tall_grass":11,"minecraft:stone":48,"minecraft:moss_block":1,"minecraft:wall_torch":1,"minecraft:fern":2},"minecraft:crafted":{"minecraft:wooden_sword":1,"minecraft:crafting_table":1,"minecraft:spruce_planks":48,"minecraft:stick":24,"minecraft:wooden_pickaxe":1,"minecraft:stone_pickaxe":1,"minecraft:wooden_axe":1,"minecraft:stone_sword":1,"minecraft:acacia_planks":24,"minecraft:torch":20},"minecraft:custom":{"minecraft:time_since_rest":8611,"minecraft:sprint_one_cm":155740,"minecraft:damage_taken":489,"minecraft:walk_one_cm":54210,"minecraft:mob_kills":12,"minecraft:drop":2,"minecraft:damage_dealt":704,"minecraft:interact_with_crafting_table":4,"minecraft:fly_one_cm":194647,"minecraft:open_chest":4,"minecraft:crouch_one_cm":1665,"minecraft:play_time":34964,"tombstone:undead_killed":1,"minecraft:deaths":1,"minecraft:sneak_time":711,"minecraft:walk_under_water_one_cm":585,"minecraft:damage_dealt_resisted":36,"minecraft:jump":781,"minecraft:leave_game":1,"minecraft:walk_on_water_one_cm":443,"minecraft:time_since_death":11884,"minecraft:sleep_in_bed":2,"minecraft:total_world_time":34964,"minecraft:fall_one_cm":17199},"minecraft:killed_by":{"minecraft:skeleton":1},"minecraft:picked_up":{"born_in_chaos_v1:corpse_maggot":2,"minecraft:chicken":9,"minecraft:stick":2,"minecraft:crafting_table":2,"minecraft:feather":11,"minecraft:torch":2,"minecraft:acacia_log":6,"minecraft:sand":2,"minecraft:magenta_bed":3,"minecraft:dirt":7,"minecraft:wooden_sword":1,"minecraft:bundle":1,"minecraft:rotten_flesh":2,"minecraft:wheat_seeds":5,"evilcraft:dark_gem":16,"minecraft:moss_block":1,"minecraft:acacia_sapling":2,"minecraft:coal":27,"minecraft:cobblestone":48,"minecraft:egg":6}},"DataVersion":3465}