{"stats":{"minecraft:mined":{"minecraft:grass_block":1,"minecraft:oak_log":6,"minecraft:dead_bush":1,"minecraft:sugar_cane":7,"minecraft:crafting_table":1},"minecraft:custom":{"minecraft:time_since_rest":10667,"minecraft:open_chest":3,"minecraft:sprint_one_cm":31623,"minecraft:play_time":10667,"minecraft:damage_taken":150,"minecraft:walk_one_cm":43826,"minecraft:walk_under_water_one_cm":1204,"minecraft:drop":1,"minecraft:jump":245,"minecraft:damage_dealt":10,"minecraft:leave_game":2,"minecraft:time_since_death":10667,"minecraft:walk_on_water_one_cm":3043,"minecraft:total_world_time":10667,"minecraft:interact_with_crafting_table":1,"minecraft:fall_one_cm":6020,"minecraft:fly_one_cm":41062},"minecraft:picked_up":{"minecraft:crafting_table":1,"minecraft:stick":2,"minecraft:oak_log":6,"minecraft:sugar_cane":21,"minecraft:dirt":1},"minecraft:dropped":{"minecraft:wooden_axe":1},"minecraft:crafted":{"minecraft:wooden_sword":1,"minecraft:oak_planks":24,"minecraft:crafting_table":1,"minecraft:stick":4,"minecraft:wooden_axe":2},"minecraft:used":{"minecraft:wooden_axe":1,"minecraft:crafting_table":1,"minecraft:bread":1}},"DataVersion":3465}