{"stats":{"minecraft:broken":{"minecraft:wooden_pickaxe":1},"minecraft:mined":{"minecraft:birch_log":5,"minecraft:stone":12},"minecraft:custom":{"minecraft:open_chest":2,"minecraft:time_since_rest":7075,"minecraft:crouch_one_cm":261,"minecraft:interact_with_furnace":1,"minecraft:play_time":7075,"minecraft:sprint_one_cm":9333,"minecraft:damage_taken":160,"minecraft:walk_one_cm":14543,"minecraft:sneak_time":109,"minecraft:drop":2,"minecraft:jump":86,"minecraft:damage_dealt":31,"minecraft:time_since_death":7075,"minecraft:total_world_time":7075,"minecraft:interact_with_crafting_table":2,"minecraft:fall_one_cm":2425,"minecraft:fly_one_cm":13962},"minecraft:picked_up":{"minecraft:raw_copper":27,"minecraft:wooden_pickaxe":1,"minecraft:granite":3,"minecraft:diorite":13,"minecraft:birch_log":5,"minecraft:leather_helmet":1,"minecraft:oak_planks":4,"minecraft:cobblestone":11,"minecraft:wooden_axe":1},"minecraft:dropped":{"minecraft:iron_ingot":3,"minecraft:granite":3},"minecraft:crafted":{"minecraft:birch_planks":20,"minecraft:stone_axe":1,"minecraft:stick":8,"minecraft:stone_sword":1,"minecraft:stone_pickaxe":1},"minecraft:used":{"minecraft:stone_axe":5,"minecraft:cobblestone":30,"minecraft:stone_pickaxe":2,"minecraft:white_bed":1,"minecraft:wooden_pickaxe":10}},"DataVersion":3465}