{"stats":{"minecraft:broken":{"minecraft:leather_helmet":1,"minecraft:wooden_pickaxe":1},"minecraft:mined":{"minecraft:tuff":2,"minecraft:crafting_table":1,"minecraft:sculk":12,"minecraft:furnace":2,"minecraft:birch_log":5,"minecraft:iron_ore":3,"minecraft:grass":2,"minecraft:oak_log":19,"minecraft:coal_ore":9,"minecraft:stone":13,"minecraft:oak_leaves":1,"minecraft:deepslate":17},"minecraft:custom":{"minecraft:interact_with_furnace":11,"minecraft:mob_kills":24,"minecraft:interact_with_crafting_table":4,"minecraft:damage_dealt_resisted":10,"minecraft:time_since_death":510,"minecraft:time_since_rest":1,"minecraft:sprint_one_cm":109313,"minecraft:damage_taken":3983,"minecraft:walk_one_cm":137077,"tombstone:sneak_grave":1,"minecraft:drop":22,"minecraft:damage_dealt":3753,"minecraft:swim_one_cm":1752,"minecraft:fly_one_cm":127960,"minecraft:open_chest":2,"minecraft:crouch_one_cm":1022,"minecraft:play_time":91075,"tombstone:undead_killed":9,"minecraft:deaths":10,"minecraft:sneak_time":382,"minecraft:walk_under_water_one_cm":5262,"minecraft:jump":860,"minecraft:walk_on_water_one_cm":5703,"minecraft:total_world_time":91075,"minecraft:fall_one_cm":28705},"minecraft:killed":{"minecraft:pig":8,"born_in_chaos_v1:diamond_termite":1,"born_in_chaos_v1:baby_skeleton":1,"born_in_chaos_v1:swarmer":1,"minecraft:salmon":3,"born_in_chaos_v1:decrepit_skeleton":2,"born_in_chaos_v1:maggot":1,"minecraft:skeleton":2,"minecraft:zombie":3,"born_in_chaos_v1:corpse_fly":1},"minecraft:killed_by":{"vampirism:advanced_vampire":2,"born_in_chaos_v1:decrepit_skeleton":1,"minecraft:skeleton":1,"minecraft:zombie":2,"born_in_chaos_v1:dread_hound":1},"minecraft:picked_up":{"minecraft:wooden_axe":1,"minecraft:birch_log":5,"born_in_chaos_v1:corpse_maggot":2,"born_in_chaos_v1:diamond_termite_shard":1,"minecraft:salmon":3,"minecraft:wooden_pickaxe":1,"minecraft:tuff":1,"minecraft:oak_log":19,"minecraft:dirt":58,"minecraft:raw_copper":27,"minecraft:bone":6,"minecraft:wheat_seeds":3,"minecraft:cobbled_deepslate":18,"minecraft:bucket":1,"vampirism:garlic_bread":3,"minecraft:iron_ingot":4,"minecraft:stone_pickaxe":1,"minecraft:oak_planks":4,"minecraft:iron_boots":1,"minecraft:furnace":2,"minecraft:stick":1,"minecraft:raw_iron":5,"minecraft:dandelion":1,"minecraft:torch":1,"minecraft:acacia_log":2,"minecraft:lava_bucket":1,"minecraft:porkchop":17,"minecraft:diorite":13,"minecraft:mossy_cobblestone":18,"minecraft:leather_helmet":1,"minecraft:arrow":2,"minecraft:rotten_flesh":10,"minecraft:iron_helmet":1,"minecraft:granite":3,"minecraft:oak_sapling":4,"minecraft:coal":47,"minecraft:cobblestone":12},"minecraft:dropped":{"minecraft:iron_ingot":3,"minecraft:wheat_seeds":1,"minecraft:raw_copper":27,"minecraft:mossy_cobblestone":18,"minecraft:rotten_flesh":10,"minecraft:granite":3,"minecraft:acacia_log":2,"evilcraft:flesh_humanoid":1,"minecraft:lava_bucket":2,"minecraft:wooden_axe":1,"born_in_chaos_v1:corpse_maggot":2,"born_in_chaos_v1:diamond_termite_shard":1,"minecraft:oak_sapling":4,"minecraft:stone_pickaxe":1},"minecraft:crafted":{"minecraft:oak_planks":76,"minecraft:cooked_porkchop":17,"minecraft:crafting_table":1,"minecraft:furnace":2,"minecraft:cooked_salmon":3,"minecraft:birch_planks":20,"minecraft:stone_axe":1,"minecraft:air":0,"minecraft:stick":56,"minecraft:stone_pickaxe":1,"minecraft:stone_sword":1,"minecraft:torch":188},"minecraft:used":{"minecraft:stone_sword":77,"minecraft:stone_pickaxe":49,"minecraft:oak_planks":9,"minecraft:wooden_pickaxe":10,"minecraft:cooked_salmon":3,"minecraft:torch":138,"minecraft:crafting_table":1,"minecraft:white_bed":1,"minecraft:tuff":1,"minecraft:stone_axe":40,"minecraft:cobblestone":46,"minecraft:furnace":3,"minecraft:cooked_porkchop":10,"minecraft:bucket":1,"tombstone:gift":4,"minecraft:cobbled_deepslate":6}},"DataVersion":3465}