{"stats":{"minecraft:killed":{"minecraft:pig":1},"minecraft:used":{"minecraft:stone_sword":2,"minecraft:stone_pickaxe":26,"minecraft:wooden_pickaxe":9,"minecraft:stone_axe":26,"minecraft:iron_chestplate":1,"minecraft:crafting_table":2,"minecraft:porkchop":2},"minecraft:mined":{"minecraft:crafting_table":2,"minecraft:grass":93,"minecraft:acacia_log":24,"minecraft:stripped_acacia_log":3,"minecraft:tall_grass":4,"minecraft:cobblestone":22,"minecraft:stone":7},"minecraft:crafted":{"minecraft:crafting_table":1,"minecraft:stick":32,"minecraft:wooden_pickaxe":1,"minecraft:stone_pickaxe":1,"minecraft:stone_sword":1,"minecraft:acacia_planks":28,"minecraft:stone_axe":1},"minecraft:custom":{"minecraft:time_since_rest":17765,"minecraft:sprint_one_cm":37748,"minecraft:damage_taken":290,"minecraft:walk_one_cm":51886,"minecraft:mob_kills":1,"minecraft:damage_dealt":370,"minecraft:interact_with_crafting_table":8,"minecraft:fly_one_cm":6910,"minecraft:play_time":20436,"minecraft:deaths":1,"minecraft:sneak_time":34,"minecraft:jump":180,"minecraft:leave_game":2,"minecraft:time_since_death":18659,"minecraft:total_world_time":20436,"minecraft:fall_one_cm":3091},"minecraft:killed_by":{"born_in_chaos_v1:zombie_bruiser":1},"minecraft:picked_up":{"minecraft:stick":1,"born_in_chaos_v1:corpse_maggot":8,"minecraft:crafting_table":2,"minecraft:iron_chestplate":1,"minecraft:acacia_log":22,"minecraft:porkchop":2,"minecraft:stripped_acacia_log":3,"minecraft:wheat_seeds":6,"minecraft:acacia_sapling":2,"minecraft:cobblestone":28}},"DataVersion":3465}