{"stats":{"minecraft:killed":{"minecraft:pig":2,"minecraft:cow":1},"minecraft:used":{"born_in_chaos_v1:corpse_maggot":3,"minecraft:stone_sword":3,"minecraft:stone_pickaxe":26,"minecraft:wooden_pickaxe":9,"minecraft:iron_chestplate":1,"minecraft:stone_axe":61,"minecraft:crafting_table":2,"minecraft:porkchop":2,"minecraft:white_bed":1},"minecraft:mined":{"minecraft:acacia_leaves":1,"minecraft:white_bed":1,"minecraft:crafting_table":2,"minecraft:grass":106,"minecraft:acacia_log":32,"minecraft:oak_log":5,"minecraft:stripped_acacia_log":3,"minecraft:stripped_oak_log":1,"minecraft:tall_grass":5,"minecraft:cobblestone":22,"minecraft:stone":7},"minecraft:crafted":{"minecraft:crafting_table":1,"minecraft:stick":32,"minecraft:wooden_pickaxe":1,"minecraft:stone_pickaxe":1,"minecraft:stone_sword":1,"minecraft:acacia_planks":28,"minecraft:stone_axe":1},"minecraft:custom":{"minecraft:time_since_rest":1732,"minecraft:sprint_one_cm":57752,"minecraft:damage_taken":550,"minecraft:walk_one_cm":73295,"minecraft:mob_kills":3,"minecraft:damage_dealt":569,"minecraft:interact_with_crafting_table":8,"minecraft:fly_one_cm":19935,"minecraft:play_time":28545,"minecraft:deaths":2,"minecraft:sneak_time":34,"minecraft:jump":288,"minecraft:leave_game":2,"minecraft:time_since_death":2334,"minecraft:sleep_in_bed":1,"minecraft:total_world_time":28545,"minecraft:fall_one_cm":6168},"minecraft:killed_by":{"minecraft:spider":1,"born_in_chaos_v1:zombie_bruiser":1},"minecraft:picked_up":{"minecraft:stripped_oak_log":1,"minecraft:iron_chestplate":1,"born_in_chaos_v1:corpse_maggot":8,"minecraft:stick":1,"minecraft:crafting_table":2,"minecraft:leather":2,"minecraft:acacia_log":30,"minecraft:porkchop":3,"minecraft:oak_log":5,"minecraft:white_bed":2,"minecraft:stripped_acacia_log":3,"minecraft:wheat_seeds":9,"minecraft:beef":1,"minecraft:acacia_sapling":2,"minecraft:cobblestone":28}},"DataVersion":3465}