{"stats":{"minecraft:killed":{"minecraft:pig":1},"minecraft:mined":{"minecraft:grass":66,"minecraft:tall_grass":4,"minecraft:acacia_log":7},"minecraft:crafted":{"minecraft:acacia_planks":24},"minecraft:custom":{"minecraft:jump":41,"minecraft:time_since_rest":2450,"minecraft:damage_dealt":319,"minecraft:damage_taken":270,"minecraft:leave_game":1,"minecraft:sprint_one_cm":4314,"minecraft:play_time":5121,"minecraft:walk_one_cm":17464,"minecraft:time_since_death":3344,"minecraft:deaths":1,"minecraft:sneak_time":34,"minecraft:total_world_time":5121,"minecraft:mob_kills":1,"minecraft:fall_one_cm":418,"minecraft:fly_one_cm":899},"minecraft:killed_by":{"born_in_chaos_v1:zombie_bruiser":1},"minecraft:picked_up":{"minecraft:wheat_seeds":4,"minecraft:acacia_log":6,"minecraft:porkchop":2}},"DataVersion":3465}